<routes xmlns:xsi="http://www.w3.org/2001/XMLSchema-instance" xsi:noNamespaceSchemaLocation="http://sumo.dlr.de/xsd/routes_file.xsd">
    <trip id="0" depart="9" from="G4G3" to="B3C3"/>
    <trip id="1" depart="9" from="C3C4" to="E3E4"/>
    <trip id="2" depart="17" from="G3H3" to="G4G5"/>
    <trip id="3" depart="17" from="A5B5" to="B5B4"/>
    <trip id="4" depart="18" from="H6H7" to="E4D4"/>
    <trip id="5" depart="20" from="G3G4" to="D3E3"/>
    <trip id="6" depart="20" from="C3B3" to="B6A6"/>
    <trip id="7" depart="30" from="G3G2" to="H1G1"/>
    <trip id="8" depart="32" from="D1D0" to="E6F6"/>
    <trip id="9" depart="33" from="H1H2" to="D3E3"/>
    <trip id="10" depart="37" from="A4A3" to="D3D4"/>
    <trip id="11" depart="46" from="E5D5" to="D4D3"/>
    <trip id="12" depart="55" from="B4B5" to="E4E3"/>
    <trip id="13" depart="56" from="G6G5" to="E3E4"/>
    <trip id="14" depart="60" from="H1G1" to="D4E4"/>
    <trip id="15" depart="61" from="H6G6" to="D3D4"/>
    <trip id="16" depart="72" from="C4C5" to="D4D3"/>
    <trip id="17" depart="73" from="C0C1" to="G6H6"/>
    <trip id="18" depart="86" from="A1B1" to="E4D4"/>
    <trip id="19" depart="96" from="G1H1" to="D4D3"/>
    <trip id="20" depart="103" from="B6B7" to="E4D4"/>
    <trip id="21" depart="104" from="F6E6" to="B1B2"/>
    <trip id="22" depart="124" from="F7E7" to="C0D0"/>
    <trip id="23" depart="124" from="E4F4" to="E4E3"/>
    <trip id="24" depart="132" from="B0A0" to="E4D4"/>
    <trip id="25" depart="137" from="G7F7" to="D4E4"/>
    <trip id="26" depart="143" from="G0F0" to="E3E4"/>
    <trip id="27" depart="151" from="E4E5" to="D4E4"/>
    <trip id="28" depart="154" from="G3F3" to="D3E3"/>
    <trip id="29" depart="155" from="H6H5" to="E1D1"/>
    <trip id="30" depart="158" from="H7H6" to="D3E3"/>
    <trip id="31" depart="161" from="C3C2" to="E3D3"/>
    <trip id="32" depart="162" from="H1G1" to="D3E3"/>
    <trip id="33" depart="167" from="B4B5" to="D4D3"/>
    <trip id="34" depart="170" from="D2D1" to="H0H1"/>
    <trip id="35" depart="170" from="C4D4" to="D4D3"/>
    <trip id="36" depart="178" from="B2B1" to="B6A6"/>
    <trip id="37" depart="185" from="B3B2" to="E4E3"/>
    <trip id="38" depart="190" from="H5H4" to="D3E3"/>
    <trip id="39" depart="193" from="D7D6" to="E3E4"/>
    <trip id="40" depart="193" from="A2A3" to="E3E4"/>
    <trip id="41" depart="194" from="B4B3" to="E4E3"/>
    <trip id="42" depart="199" from="E4E5" to="D4E4"/>
    <trip id="43" depart="200" from="C1B1" to="E4D4"/>
    <trip id="44" depart="200" from="H3G3" to="D4D3"/>
    <trip id="45" depart="200" from="A3B3" to="D3D4"/>
    <trip id="46" depart="201" from="A6A7" to="D4D3"/>
    <trip id="47" depart="202" from="G6H6" to="A0B0"/>
    <trip id="48" depart="203" from="D1C1" to="D3E3"/>
    <trip id="49" depart="205" from="E7F7" to="B0C0"/>
    <trip id="50" depart="207" from="B0A0" to="C1B1"/>
    <trip id="51" depart="209" from="B3B2" to="E3D3"/>
    <trip id="52" depart="211" from="A4A5" to="B6C6"/>
    <trip id="53" depart="212" from="E1F1" to="E3E4"/>
    <trip id="54" depart="212" from="G6G7" to="E4D4"/>
    <trip id="55" depart="213" from="H0H1" to="E3D3"/>
    <trip id="56" depart="213" from="B5A5" to="D3E3"/>
    <trip id="57" depart="213" from="F5F4" to="D4E4"/>
    <trip id="58" depart="216" from="E7D7" to="B0A0"/>
    <trip id="59" depart="216" from="A6A7" to="E4E3"/>
    <trip id="60" depart="217" from="G1G0" to="E3D3"/>
    <trip id="61" depart="217" from="A0A1" to="B2A2"/>
    <trip id="62" depart="219" from="C6D6" to="D4D3"/>
    <trip id="63" depart="219" from="B3B2" to="E7F7"/>
    <trip id="64" depart="220" from="B0C0" to="C6C7"/>
    <trip id="65" depart="220" from="H5H4" to="B5B6"/>
    <trip id="66" depart="220" from="A1A2" to="E4D4"/>
    <trip id="67" depart="223" from="F3G3" to="D4D3"/>
    <trip id="68" depart="223" from="B6C6" to="D4E4"/>
    <trip id="69" depart="224" from="D1D0" to="D4D3"/>
    <trip id="70" depart="224" from="D3E3" to="E4D4"/>
    <trip id="71" depart="225" from="H0G0" to="D4D3"/>
    <trip id="72" depart="226" from="H6H5" to="D3E3"/>
    <trip id="73" depart="226" from="A2A3" to="D3D4"/>
    <trip id="74" depart="227" from="B1C1" to="D3E3"/>
    <trip id="75" depart="227" from="G3G2" to="H4H3"/>
    <trip id="76" depart="227" from="D7E7" to="E4E3"/>
    <trip id="77" depart="229" from="C0D0" to="F7G7"/>
    <trip id="78" depart="231" from="A7B7" to="D3D4"/>
    <trip id="79" depart="234" from="A1B1" to="E3D3"/>
    <trip id="80" depart="235" from="B3B2" to="D3E3"/>
    <trip id="81" depart="236" from="H6H7" to="E3D3"/>
    <trip id="82" depart="236" from="D6C6" to="E4E3"/>
    <trip id="83" depart="236" from="F5F4" to="D4E4"/>
    <trip id="84" depart="238" from="D5D6" to="D3D4"/>
    <trip id="85" depart="239" from="B2A2" to="E4D4"/>
    <trip id="86" depart="240" from="F0G0" to="G3F3"/>
    <trip id="87" depart="240" from="H4G4" to="D3D4"/>
    <trip id="88" depart="242" from="H2H3" to="E4D4"/>
    <trip id="89" depart="243" from="E1D1" to="E4D4"/>
    <trip id="90" depart="243" from="G6F6" to="D6D7"/>
    <trip id="91" depart="246" from="D0E0" to="D4D3"/>
    <trip id="92" depart="246" from="H1G1" to="E4E3"/>
    <trip id="93" depart="247" from="F1G1" to="E3E4"/>
    <trip id="94" depart="247" from="G7G6" to="A2B2"/>
    <trip id="95" depart="248" from="G6G7" to="A2A3"/>
    <trip id="96" depart="249" from="D1D0" to="G5H5"/>
    <trip id="97" depart="249" from="G5G6" to="D3E3"/>
    <trip id="98" depart="249" from="G6G7" to="D4D3"/>
    <trip id="99" depart="249" from="C3D3" to="D4E4"/>
    <trip id="100" depart="250" from="H0G0" to="D3D4"/>
    <trip id="101" depart="250" from="F7E7" to="E3D3"/>
    <trip id="102" depart="251" from="A5A6" to="D4E4"/>
    <trip id="103" depart="252" from="G1G0" to="D3D4"/>
    <trip id="104" depart="252" from="E6D6" to="E4D4"/>
    <trip id="105" depart="253" from="H5H4" to="E3E4"/>
    <trip id="106" depart="253" from="F4E4" to="D4D3"/>
    <trip id="107" depart="256" from="B2A2" to="E3D3"/>
    <trip id="108" depart="257" from="E1E0" to="D1C1"/>
    <trip id="109" depart="258" from="H2H3" to="D4E4"/>
    <trip id="110" depart="260" from="A2A3" to="E3E4"/>
    <trip id="111" depart="262" from="C1C0" to="E4E3"/>
    <trip id="112" depart="262" from="D6D5" to="E4E3"/>
    <trip id="113" depart="263" from="D6C6" to="B0C0"/>
    <trip id="114" depart="264" from="G1G2" to="E4E3"/>
    <trip id="115" depart="265" from="A3A4" to="A2A3"/>
    <trip id="116" depart="268" from="H4H3" to="D3D4"/>
    <trip id="117" depart="269" from="B0B1" to="E4D4"/>
    <trip id="118" depart="270" from="F1F0" to="D3E3"/>
    <trip id="119" depart="272" from="E0E1" to="E4E3"/>
    <trip id="120" depart="272" from="D6E6" to="E4D4"/>
    <trip id="121" depart="272" from="A7A6" to="E4E3"/>
    <trip id="122" depart="274" from="G7H7" to="E4D4"/>
    <trip id="123" depart="275" from="D7C7" to="E4E3"/>
    <trip id="124" depart="278" from="C0D0" to="D3E3"/>
    <trip id="125" depart="278" from="A1A0" to="D4D3"/>
    <trip id="126" depart="280" from="D6C6" to="D4E4"/>
    <trip id="127" depart="281" from="F0F1" to="D4D3"/>
    <trip id="128" depart="281" from="G3G4" to="E4D4"/>
    <trip id="129" depart="281" from="G6F6" to="D3D4"/>
    <trip id="130" depart="281" from="B1B2" to="E3D3"/>
    <trip id="131" depart="283" from="B5B6" to="E4E3"/>
    <trip id="132" depart="284" from="A3B3" to="E3E4"/>
    <trip id="133" depart="285" from="B3B2" to="H6G6"/>
    <trip id="134" depart="286" from="B7A7" to="G1G0"/>
    <trip id="135" depart="287" from="A0B0" to="D3D4"/>
    <trip id="136" depart="287" from="D6C6" to="D3D4"/>
    <trip id="137" depart="289" from="G1H1" to="D3D4"/>
    <trip id="138" depart="289" from="D6E6" to="E3D3"/>
    <trip id="139" depart="290" from="D6C6" to="D4E4"/>
    <trip id="140" depart="290" from="A2A1" to="B3C3"/>
    <trip id="141" depart="291" from="G4G3" to="E4D4"/>
    <trip id="142" depart="291" from="F7F6" to="E3E4"/>
    <trip id="143" depart="292" from="G0F0" to="D4E4"/>
    <trip id="144" depart="292" from="H3H4" to="E4E3"/>
    <trip id="145" depart="292" from="G6G7" to="C7C6"/>
    <trip id="146" depart="293" from="B7B6" to="D3D4"/>
    <trip id="147" depart="294" from="D0C0" to="G6G7"/>
    <trip id="148" depart="295" from="H1H2" to="E4E3"/>
    <trip id="149" depart="296" from="G3G2" to="H7H6"/>
    <trip id="150" depart="296" from="D6D5" to="D4E4"/>
    <trip id="151" depart="297" from="G1F1" to="H1H2"/>
    <trip id="152" depart="299" from="H6H5" to="G0F0"/>
    <trip id="153" depart="299" from="B1B2" to="E4D4"/>
    <trip id="154" depart="300" from="H0G0" to="G2G1"/>
    <trip id="155" depart="301" from="G0G1" to="E4E3"/>
    <trip id="156" depart="301" from="F7G7" to="D4E4"/>
    <trip id="157" depart="302" from="B1A1" to="D4E4"/>
    <trip id="158" depart="304" from="A3A4" to="E4E3"/>
    <trip id="159" depart="305" from="D0E0" to="E4D4"/>
    <trip id="160" depart="305" from="H5H6" to="E3E4"/>
    <trip id="161" depart="305" from="F7E7" to="D3D4"/>
    <trip id="162" depart="307" from="D6D7" to="A1A2"/>
    <trip id="163" depart="308" from="E7D7" to="D3D4"/>
    <trip id="164" depart="309" from="H6H5" to="F0E0"/>
    <trip id="165" depart="311" from="H6H7" to="D3D4"/>
    <trip id="166" depart="312" from="G7G6" to="F7G7"/>
    <trip id="167" depart="312" from="B5B4" to="E3D3"/>
    <trip id="168" depart="313" from="C6B6" to="E4D4"/>
    <trip id="169" depart="313" from="B4B3" to="E3D3"/>
    <trip id="170" depart="314" from="E0D0" to="D4D3"/>
    <trip id="171" depart="314" from="D7D6" to="D3E3"/>
    <trip id="172" depart="314" from="F2F3" to="E4D4"/>
    <trip id="173" depart="315" from="F0F1" to="D3D4"/>
    <trip id="174" depart="315" from="F7G7" to="E4E3"/>
    <trip id="175" depart="315" from="B3B4" to="D4E4"/>
    <trip id="176" depart="316" from="C0C1" to="E4D4"/>
    <trip id="177" depart="316" from="G4G5" to="H1H0"/>
    <trip id="178" depart="317" from="D6D7" to="D3D4"/>
    <trip id="179" depart="318" from="G1H1" to="F1F0"/>
    <trip id="180" depart="318" from="A6B6" to="E3E4"/>
    <trip id="181" depart="319" from="G4G3" to="E4D4"/>
    <trip id="182" depart="321" from="H4H5" to="D3E3"/>
    <trip id="183" depart="321" from="F6E6" to="E3E4"/>
    <trip id="184" depart="323" from="G7F7" to="H0G0"/>
    <trip id="185" depart="324" from="C1D1" to="D3D4"/>
    <trip id="186" depart="324" from="A4B4" to="B3A3"/>
    <trip id="187" depart="327" from="B7B6" to="D4D3"/>
    <trip id="188" depart="327" from="A5A6" to="E3E4"/>
    <trip id="189" depart="328" from="E1D1" to="D4E4"/>
    <trip id="190" depart="329" from="G1H1" to="E4E3"/>
    <trip id="191" depart="329" from="A4A5" to="D3E3"/>
    <trip id="192" depart="331" from="C0C1" to="H6H5"/>
    <trip id="193" depart="331" from="F7G7" to="E3E4"/>
    <trip id="194" depart="332" from="E7F7" to="E3E4"/>
    <trip id="195" depart="332" from="D3E3" to="E4E3"/>
    <trip id="196" depart="333" from="A7A6" to="E4E3"/>
    <trip id="197" depart="334" from="B2B1" to="B6B7"/>
    <trip id="198" depart="338" from="C1B1" to="D3E3"/>
    <trip id="199" depart="338" from="G4G3" to="D3D4"/>
    <trip id="200" depart="339" from="G0H0" to="D4E4"/>
    <trip id="201" depart="339" from="E7D7" to="D3E3"/>
    <trip id="202" depart="340" from="H4H3" to="E4D4"/>
    <trip id="203" depart="343" from="E4E5" to="D3E3"/>
    <trip id="204" depart="344" from="D0D1" to="E3D3"/>
    <trip id="205" depart="345" from="A7B7" to="E4D4"/>
    <trip id="206" depart="346" from="G6G7" to="E3E4"/>
    <trip id="207" depart="348" from="B1C1" to="C6C7"/>
    <trip id="208" depart="348" from="H6H5" to="E4D4"/>
    <trip id="209" depart="348" from="A1A0" to="D4D3"/>
    <trip id="210" depart="349" from="C1B1" to="E3D3"/>
    <trip id="211" depart="349" from="F6E6" to="D3E3"/>
    <trip id="212" depart="350" from="F0G0" to="E4D4"/>
    <trip id="213" depart="350" from="B4A4" to="E3D3"/>
    <trip id="214" depart="351" from="H0G0" to="D3D4"/>
    <trip id="215" depart="351" from="B2A2" to="D3E3"/>
    <trip id="216" depart="352" from="G4H4" to="E4D4"/>
    <trip id="217" depart="352" from="E6D6" to="D4E4"/>
    <trip id="218" depart="352" from="C3D3" to="D4E4"/>
    <trip id="219" depart="354" from="A5A4" to="E7F7"/>
    <trip id="220" depart="355" from="B5B4" to="E4E3"/>
    <trip id="221" depart="356" from="C0D0" to="E3D3"/>
    <trip id="222" depart="356" from="B7A7" to="D4E4"/>
    <trip id="223" depart="357" from="C1D1" to="E3D3"/>
    <trip id="224" depart="359" from="G6G5" to="G6H6"/>
    <trip id="225" depart="360" from="E5D5" to="E4D4"/>
    <trip id="226" depart="361" from="D2D1" to="E3E4"/>
    <trip id="227" depart="361" from="E7D7" to="D3D4"/>
    <trip id="228" depart="363" from="B6C6" to="E3D3"/>
    <trip id="229" depart="364" from="B0B1" to="D3E3"/>
    <trip id="230" depart="364" from="G4H4" to="D4E4"/>
    <trip id="231" depart="366" from="F1E1" to="G0F0"/>
    <trip id="232" depart="368" from="H1G1" to="D4D3"/>
    <trip id="233" depart="368" from="C6D6" to="E4D4"/>
    <trip id="234" depart="368" from="B5A5" to="D4D3"/>
    <trip id="235" depart="369" from="H4H3" to="D3E3"/>
    <trip id="236" depart="369" from="A3A2" to="D4D3"/>
    <trip id="237" depart="370" from="B7A7" to="A3A2"/>
    <trip id="238" depart="371" from="F0F1" to="D0C0"/>
    <trip id="239" depart="371" from="G6H6" to="A6A7"/>
    <trip id="240" depart="372" from="C7C6" to="E3E4"/>
    <trip id="241" depart="375" from="B3C3" to="E7E6"/>
    <trip id="242" depart="376" from="E1D1" to="G3H3"/>
    <trip id="243" depart="376" from="B2B3" to="E3D3"/>
    <trip id="244" depart="378" from="H3G3" to="D3E3"/>
    <trip id="245" depart="379" from="B6B5" to="G5H5"/>
    <trip id="246" depart="380" from="H0G0" to="H2H1"/>
    <trip id="247" depart="380" from="G6H6" to="D3D4"/>
    <trip id="248" depart="381" from="B2A2" to="D4D3"/>
    <trip id="249" depart="382" from="H7G7" to="D4D3"/>
    <trip id="250" depart="383" from="A1B1" to="E3E4"/>
    <trip id="251" depart="384" from="G2G3" to="C1B1"/>
    <trip id="252" depart="384" from="A1B1" to="E4D4"/>
    <trip id="253" depart="385" from="A6A5" to="H3H4"/>
    <trip id="254" depart="386" from="E0D0" to="G4H4"/>
    <trip id="255" depart="386" from="A6B6" to="D3D4"/>
    <trip id="256" depart="387" from="B1B0" to="D4D3"/>
    <trip id="257" depart="388" from="H1H0" to="D3E3"/>
    <trip id="258" depart="388" from="A3B3" to="F7F6"/>
    <trip id="259" depart="389" from="C0C1" to="E3E4"/>
    <trip id="260" depart="389" from="A3B3" to="E4E3"/>
    <trip id="261" depart="391" from="C1C0" to="B7B6"/>
    <trip id="262" depart="391" from="H2G2" to="C1D1"/>
    <trip id="263" depart="391" from="D2E2" to="E3D3"/>
    <trip id="264" depart="393" from="G6G7" to="B3A3"/>
    <trip id="265" depart="394" from="D6E6" to="D3E3"/>
    <trip id="266" depart="394" from="A6A7" to="E3E4"/>
    <trip id="267" depart="395" from="E0D0" to="F6F7"/>
    <trip id="268" depart="395" from="H3H4" to="E3E4"/>
    <trip id="269" depart="397" from="H5H4" to="E4E3"/>
    <trip id="270" depart="398" from="B1A1" to="B6B5"/>
    <trip id="271" depart="399" from="H6H5" to="A2A1"/>
    <trip id="272" depart="399" from="C7C6" to="D6C6"/>
    <trip id="273" depart="399" from="B3A3" to="E4D4"/>
    <trip id="274" depart="402" from="H2G2" to="E4E3"/>
    <trip id="275" depart="405" from="E5E4" to="E3D3"/>
    <trip id="276" depart="406" from="F3G3" to="B0C0"/>
    <trip id="277" depart="406" from="F3F2" to="D3E3"/>
    <trip id="278" depart="412" from="C1D1" to="G1F1"/>
    <trip id="279" depart="417" from="F4G4" to="E3E4"/>
    <trip id="280" depart="418" from="G1H1" to="G4G5"/>
    <trip id="281" depart="419" from="B5B4" to="E4E3"/>
    <trip id="282" depart="425" from="E5F5" to="E3E4"/>
    <trip id="283" depart="426" from="D3C3" to="D4D3"/>
    <trip id="284" depart="439" from="D3D2" to="D3E3"/>
    <trip id="285" depart="444" from="E3F3" to="E4E3"/>
    <trip id="286" depart="445" from="F6F7" to="D4E4"/>
    <trip id="287" depart="451" from="D6D5" to="D4E4"/>
    <trip id="288" depart="453" from="D0E0" to="D6C6"/>
    <trip id="289" depart="454" from="H1H2" to="B1C1"/>
    <trip id="290" depart="455" from="F6E6" to="D4E4"/>
    <trip id="291" depart="460" from="D1D0" to="D4D3"/>
    <trip id="292" depart="463" from="H3H4" to="D3E3"/>
    <trip id="293" depart="463" from="D6E6" to="A4A3"/>
    <trip id="294" depart="464" from="B4A4" to="D3E3"/>
    <trip id="295" depart="466" from="A1A0" to="D3D4"/>
    <trip id="296" depart="468" from="A5B5" to="D4E4"/>
    <trip id="297" depart="470" from="A4A3" to="E4E3"/>
    <trip id="298" depart="471" from="F7G7" to="B1B0"/>
    <trip id="299" depart="472" from="B7C7" to="E0E1"/>
    <trip id="300" depart="474" from="A4A5" to="D3D4"/>
    <trip id="301" depart="475" from="E1E0" to="H3H2"/>
    <trip id="302" depart="476" from="C5D5" to="E3E4"/>
    <trip id="303" depart="483" from="D7D6" to="D4E4"/>
    <trip id="304" depart="485" from="F6G6" to="D1C1"/>
    <trip id="305" depart="485" from="B2B3" to="B5A5"/>
    <trip id="306" depart="492" from="E6F6" to="B1A1"/>
    <trip id="307" depart="500" from="C3C4" to="E4E3"/>
    <trip id="308" depart="505" from="D7D6" to="D3D4"/>
    <trip id="309" depart="508" from="D3D2" to="D3D4"/>
    <trip id="310" depart="509" from="D1C1" to="C7D7"/>
    <trip id="311" depart="510" from="A4A5" to="D4D3"/>
    <trip id="312" depart="513" from="F5E5" to="E3E4"/>
    <trip id="313" depart="514" from="C4C3" to="E4D4"/>
    <trip id="314" depart="521" from="G1G2" to="D3D4"/>
    <trip id="315" depart="521" from="B4B5" to="D4E4"/>
    <trip id="316" depart="526" from="D0E0" to="D4D3"/>
    <trip id="317" depart="533" from="D5D6" to="E3E4"/>
    <trip id="318" depart="533" from="D4D3" to="E4E3"/>
    <trip id="319" depart="547" from="C7D7" to="D3D4"/>
    <trip id="320" depart="547" from="B3B4" to="D4E4"/>
    <trip id="321" depart="551" from="A0B0" to="D3E3"/>
    <trip id="322" depart="554" from="G2G1" to="E3E4"/>
    <trip id="323" depart="555" from="B3B4" to="E4D4"/>
    <trip id="324" depart="571" from="E4F4" to="D3E3"/>
    <trip id="325" depart="582" from="C7C6" to="E3E4"/>
    <trip id="326" depart="584" from="G4G5" to="D3E3"/>
    <trip id="327" depart="589" from="F3G3" to="D4D3"/>
    <trip id="328" depart="592" from="B2B3" to="C3B3"/>
    <trip id="329" depart="597" from="B6A6" to="E4D4"/>
    <trip id="330" depart="606" from="B6C6" to="E7D7"/>
    <trip id="331" depart="614" from="D4D3" to="D4E4"/>
    <trip id="332" depart="615" from="E5F5" to="E4D4"/>
    <trip id="333" depart="621" from="B5A5" to="G6F6"/>
    <trip id="334" depart="625" from="F5E5" to="D3D4"/>
    <trip id="335" depart="635" from="D7E7" to="B4B5"/>
    <trip id="336" depart="639" from="A3A4" to="D3E3"/>
    <trip id="337" depart="642" from="G1F1" to="B7C7"/>
    <trip id="338" depart="644" from="C2D2" to="E3E4"/>
    <trip id="339" depart="647" from="D1C1" to="D4E4"/>
    <trip id="340" depart="648" from="G5G4" to="A6B6"/>
    <trip id="341" depart="648" from="C6B6" to="E4D4"/>
    <trip id="342" depart="652" from="B1B2" to="A7A6"/>
    <trip id="343" depart="653" from="H2G2" to="G5G4"/>
    <trip id="344" depart="657" from="D7E7" to="E3D3"/>
    <trip id="345" depart="665" from="G3F3" to="D4E4"/>
    <trip id="346" depart="668" from="H2H1" to="D4D3"/>
    <trip id="347" depart="677" from="D5C5" to="D4D3"/>
    <trip id="348" depart="682" from="E4E3" to="E3D3"/>
    <trip id="349" depart="688" from="F1G1" to="D3E3"/>
    <trip id="350" depart="689" from="B5B4" to="D3D4"/>
    <trip id="351" depart="691" from="E6F6" to="E3D3"/>
    <trip id="352" depart="696" from="D2D1" to="E6F6"/>
    <trip id="353" depart="696" from="A7B7" to="E4D4"/>
    <trip id="354" depart="698" from="H3H2" to="E4E3"/>
    <trip id="355" depart="700" from="A3B3" to="D4D3"/>
    <trip id="356" depart="702" from="F2E2" to="D4E4"/>
    <trip id="357" depart="706" from="A2A3" to="H5H4"/>
    <trip id="358" depart="714" from="G7H7" to="E3D3"/>
    <trip id="359" depart="717" from="H4G4" to="D3D4"/>
    <trip id="360" depart="718" from="B4B3" to="D3D4"/>
    <trip id="361" depart="720" from="E3D3" to="E3E4"/>
    <trip id="362" depart="723" from="G0H0" to="D3E3"/>
    <trip id="363" depart="734" from="G5G6" to="G3F3"/>
    <trip id="364" depart="740" from="F0E0" to="E3D3"/>
    <trip id="365" depart="742" from="G2H2" to="E4E3"/>
    <trip id="366" depart="752" from="A7A6" to="E4D4"/>
    <trip id="367" depart="754" from="A5A6" to="E4E3"/>
    <trip id="368" depart="769" from="D2D1" to="E4D4"/>
    <trip id="369" depart="770" from="F3G3" to="D4D3"/>
    <trip id="370" depart="772" from="H4H5" to="D3D4"/>
    <trip id="371" depart="773" from="G1F1" to="E4E3"/>
    <trip id="372" depart="777" from="D0C0" to="D3D4"/>
    <trip id="373" depart="785" from="C0D0" to="E3D3"/>
    <trip id="374" depart="790" from="E0E1" to="D3D4"/>
    <trip id="375" depart="791" from="H2H3" to="F0E0"/>
    <trip id="376" depart="793" from="E1F1" to="E4D4"/>
    <trip id="377" depart="794" from="C0D0" to="D3E3"/>
    <trip id="378" depart="796" from="G6F6" to="D3D4"/>
    <trip id="379" depart="800" from="E1D1" to="E3D3"/>
    <trip id="380" depart="800" from="B4B5" to="E3E4"/>
    <trip id="381" depart="807" from="E1E0" to="D4E4"/>
    <trip id="382" depart="809" from="F2E2" to="D4E4"/>
    <trip id="383" depart="810" from="H6G6" to="H6H5"/>
    <trip id="384" depart="815" from="B7A7" to="E3E4"/>
    <trip id="385" depart="817" from="E7E6" to="D4D3"/>
    <trip id="386" depart="830" from="F3E3" to="E3D3"/>
    <trip id="387" depart="836" from="H2G2" to="D4E4"/>
    <trip id="388" depart="836" from="C7D7" to="D4E4"/>
    <trip id="389" depart="839" from="F6G6" to="E4D4"/>
    <trip id="390" depart="846" from="F4E4" to="D3D4"/>
    <trip id="391" depart="849" from="F7F6" to="B5B6"/>
    <trip id="392" depart="850" from="B6B5" to="B3B2"/>
    <trip id="393" depart="851" from="E6D6" to="E4E3"/>
    <trip id="394" depart="858" from="F1G1" to="D4D3"/>
    <trip id="395" depart="860" from="B0B1" to="D3E3"/>
    <trip id="396" depart="860" from="C4D4" to="D4D3"/>
    <trip id="397" depart="864" from="G4G5" to="A1A2"/>
    <trip id="398" depart="866" from="H4G4" to="E3E4"/>
    <trip id="399" depart="868" from="F0E0" to="B7A7"/>
    <trip id="400" depart="871" from="C4C3" to="D4E4"/>
    <trip id="401" depart="872" from="G5H5" to="D3D4"/>
    <trip id="402" depart="877" from="B5B4" to="A6B6"/>
    <trip id="403" depart="889" from="E4D4" to="E3E4"/>
    <trip id="404" depart="893" from="G3H3" to="E4E3"/>
    <trip id="405" depart="896" from="G7G6" to="D3E3"/>
    <trip id="406" depart="897" from="A6A5" to="E3E4"/>
    <trip id="407" depart="898" from="G7H7" to="B3B4"/>
    <trip id="408" depart="899" from="E2D2" to="D3E3"/>
    <trip id="409" depart="907" from="A4B4" to="D3D4"/>
    <trip id="410" depart="913" from="F6G6" to="A3B3"/>
    <trip id="411" depart="915" from="A5A6" to="D4D3"/>
    <trip id="412" depart="919" from="G4H4" to="E3E4"/>
    <trip id="413" depart="919" from="C3C4" to="D4E4"/>
    <trip id="414" depart="925" from="F0F1" to="E4E3"/>
    <trip id="415" depart="926" from="A3A4" to="D4E4"/>
    <trip id="416" depart="926" from="D5D4" to="D4D3"/>
    <trip id="417" depart="928" from="A7B7" to="D4E4"/>
    <trip id="418" depart="934" from="F3G3" to="D0E0"/>
    <trip id="419" depart="935" from="C3C4" to="D3E3"/>
    <trip id="420" depart="938" from="F3F4" to="D4D3"/>
    <trip id="421" depart="954" from="E3E4" to="E4D4"/>
    <trip id="422" depart="957" from="F6E6" to="E3D3"/>
    <trip id="423" depart="958" from="A6B6" to="E3E4"/>
    <trip id="424" depart="960" from="H0H1" to="D4D3"/>
    <trip id="425" depart="962" from="D5D4" to="D4D3"/>
    <trip id="426" depart="965" from="H5G5" to="E4E3"/>
    <trip id="427" depart="965" from="C4C3" to="E3D3"/>
    <trip id="428" depart="967" from="C0C1" to="D3D4"/>
    <trip id="429" depart="968" from="G3H3" to="D4D3"/>
    <trip id="430" depart="968" from="C7B7" to="D4E4"/>
    <trip id="431" depart="973" from="E0E1" to="D4E4"/>
    <trip id="432" depart="975" from="C1D1" to="D3E3"/>
    <trip id="433" depart="977" from="B0C0" to="G0G1"/>
    <trip id="434" depart="981" from="H5H6" to="E4D4"/>
    <trip id="435" depart="989" from="B4A4" to="E4D4"/>
    <trip id="436" depart="990" from="E6E7" to="D3E3"/>
    <trip id="437" depart="992" from="G4G3" to="D3D4"/>
    <trip id="438" depart="996" from="F6E6" to="E4E3"/>
    <trip id="439" depart="1000" from="F2F3" to="E3E4"/>
    <trip id="440" depart="1002" from="F0G0" to="D3D4"/>
    <trip id="441" depart="1002" from="C6C7" to="E3D3"/>
    <trip id="442" depart="1005" from="D7D6" to="F1E1"/>
    <trip id="443" depart="1011" from="A2B2" to="D3E3"/>
    <trip id="444" depart="1014" from="B6C6" to="E4D4"/>
    <trip id="445" depart="1018" from="B5B4" to="B1B2"/>
    <trip id="446" depart="1024" from="A4B4" to="E4E3"/>
    <trip id="447" depart="1036" from="C6B6" to="D3D4"/>
    <trip id="448" depart="1042" from="C1C0" to="E4D4"/>
    <trip id="449" depart="1050" from="E0E1" to="E3E4"/>
    <trip id="450" depart="1050" from="F6F7" to="D4D3"/>
    <trip id="451" depart="1051" from="H4G4" to="E4D4"/>
    <trip id="452" depart="1063" from="B7B6" to="B5B6"/>
    <trip id="453" depart="1065" from="D7D6" to="B3B2"/>
    <trip id="454" depart="1066" from="A4B4" to="D4D3"/>
    <trip id="455" depart="1075" from="E3E2" to="D4E4"/>
    <trip id="456" depart="1077" from="H0H1" to="C1D1"/>
    <trip id="457" depart="1079" from="H1G1" to="D4E4"/>
    <trip id="458" depart="1079" from="E3E4" to="E4E3"/>
    <trip id="459" depart="1086" from="D4C4" to="E4D4"/>
    <trip id="460" depart="1087" from="F6G6" to="D4D3"/>
    <trip id="461" depart="1087" from="C3C4" to="E4D4"/>
    <trip id="462" depart="1089" from="E5E4" to="D4E4"/>
    <trip id="463" depart="1090" from="A5A6" to="E4E3"/>
    <trip id="464" depart="1095" from="G5H5" to="D3D4"/>
    <trip id="465" depart="1095" from="E4E3" to="E3D3"/>
    <trip id="466" depart="1098" from="A0A1" to="E4E3"/>
    <trip id="467" depart="1100" from="C0C1" to="E3E4"/>
    <trip id="468" depart="1101" from="E0E1" to="D4D3"/>
    <trip id="469" depart="1101" from="F4G4" to="E3D3"/>
    <trip id="470" depart="1101" from="A3A4" to="E3E4"/>
    <trip id="471" depart="1102" from="H0G0" to="B0B1"/>
    <trip id="472" depart="1102" from="H2H3" to="D1D0"/>
    <trip id="473" depart="1102" from="B3C3" to="B6C6"/>
    <trip id="474" depart="1103" from="G3H3" to="E0E1"/>
    <trip id="475" depart="1105" from="H2H3" to="D4E4"/>
    <trip id="476" depart="1105" from="G6G7" to="D3E3"/>
    <trip id="477" depart="1105" from="A4A5" to="D3D4"/>
    <trip id="478" depart="1106" from="A0B0" to="E4D4"/>
    <trip id="479" depart="1106" from="A2A1" to="D4D3"/>
    <trip id="480" depart="1108" from="G6G7" to="D3D4"/>
    <trip id="481" depart="1109" from="H5G5" to="E3E4"/>
    <trip id="482" depart="1109" from="B7A7" to="B5B6"/>
    <trip id="483" depart="1109" from="B2A2" to="C3B3"/>
    <trip id="484" depart="1109" from="E2D2" to="E4E3"/>
    <trip id="485" depart="1111" from="B0B1" to="D4E4"/>
    <trip id="486" depart="1112" from="H1G1" to="D4E4"/>
    <trip id="487" depart="1112" from="E7E6" to="E3E4"/>
    <trip id="488" depart="1112" from="A3B3" to="A5A4"/>
    <trip id="489" depart="1114" from="G4H4" to="D3E3"/>
    <trip id="490" depart="1114" from="B4B5" to="D4E4"/>
    <trip id="491" depart="1114" from="C2C3" to="D3D4"/>
    <trip id="492" depart="1115" from="C0B0" to="E3E4"/>
    <trip id="493" depart="1116" from="H7G7" to="E3E4"/>
    <trip id="494" depart="1116" from="B4A4" to="D3E3"/>
    <trip id="495" depart="1117" from="A5A6" to="D4E4"/>
    <trip id="496" depart="1118" from="H1G1" to="E4E3"/>
    <trip id="497" depart="1118" from="D7E7" to="B2B1"/>
    <trip id="498" depart="1119" from="E0F0" to="E3D3"/>
    <trip id="499" depart="1119" from="G5G4" to="H0H1"/>
    <trip id="500" depart="1119" from="E7F7" to="D3E3"/>
    <trip id="501" depart="1120" from="F1F0" to="H3G3"/>
    <trip id="502" depart="1120" from="H6H5" to="E3E4"/>
    <trip id="503" depart="1120" from="D5D6" to="D3D4"/>
    <trip id="504" depart="1120" from="B2B3" to="E4D4"/>
    <trip id="505" depart="1121" from="D6C6" to="A3A4"/>
    <trip id="506" depart="1122" from="D0E0" to="G4G5"/>
    <trip id="507" depart="1122" from="H1H0" to="D3E3"/>
    <trip id="508" depart="1122" from="E6F6" to="D5D6"/>
    <trip id="509" depart="1122" from="C3B3" to="D4D3"/>
    <trip id="510" depart="1123" from="H4H3" to="G2H2"/>
    <trip id="511" depart="1124" from="C1C0" to="E4E3"/>
    <trip id="512" depart="1124" from="H3H4" to="D4E4"/>
    <trip id="513" depart="1125" from="F1E1" to="E3E4"/>
    <trip id="514" depart="1125" from="E7E6" to="C3B3"/>
    <trip id="515" depart="1126" from="G2G1" to="D4D3"/>
    <trip id="516" depart="1126" from="F6E6" to="A5A4"/>
    <trip id="517" depart="1126" from="B3C3" to="D3D4"/>
    <trip id="518" depart="1126" from="D4E4" to="E4E3"/>
    <trip id="519" depart="1127" from="A5A4" to="F7G7"/>
    <trip id="520" depart="1128" from="H5H4" to="E4D4"/>
    <trip id="521" depart="1128" from="B7B6" to="E3E4"/>
    <trip id="522" depart="1129" from="H0G0" to="D3D4"/>
    <trip id="523" depart="1129" from="G3F3" to="A5A6"/>
    <trip id="524" depart="1129" from="D6D7" to="D4E4"/>
    <trip id="525" depart="1131" from="G1F1" to="E3D3"/>
    <trip id="526" depart="1131" from="A5A4" to="E4D4"/>
    <trip id="527" depart="1132" from="F0F1" to="H0G0"/>
    <trip id="528" depart="1132" from="E7D7" to="D4D3"/>
    <trip id="529" depart="1133" from="F6E6" to="D3E3"/>
    <trip id="530" depart="1133" from="B3A3" to="E3D3"/>
    <trip id="531" depart="1134" from="C1B1" to="H5G5"/>
    <trip id="532" depart="1135" from="G6H6" to="G5G6"/>
    <trip id="533" depart="1135" from="B2B1" to="D3E3"/>
    <trip id="534" depart="1137" from="E1F1" to="D0E0"/>
    <trip id="535" depart="1137" from="D6C6" to="A1B1"/>
    <trip id="536" depart="1138" from="E0E1" to="D3E3"/>
    <trip id="537" depart="1138" from="H7G7" to="E4D4"/>
    <trip id="538" depart="1138" from="A6A5" to="D6E6"/>
    <trip id="539" depart="1139" from="D0C0" to="D4E4"/>
    <trip id="540" depart="1139" from="G6G7" to="D3E3"/>
    <trip id="541" depart="1139" from="A1A2" to="F6F7"/>
    <trip id="542" depart="1140" from="D1E1" to="D6D5"/>
    <trip id="543" depart="1141" from="C0D0" to="G5G4"/>
    <trip id="544" depart="1141" from="H6H5" to="D4E4"/>
    <trip id="545" depart="1141" from="D6D7" to="D3E3"/>
    <trip id="546" depart="1142" from="B1B0" to="D3D4"/>
    <trip id="547" depart="1142" from="C7D7" to="G6F6"/>
    <trip id="548" depart="1143" from="D0D1" to="H7H6"/>
    <trip id="549" depart="1144" from="H7H6" to="D4D3"/>
    <trip id="550" depart="1144" from="D6E6" to="E4E3"/>
    <trip id="551" depart="1144" from="B2B3" to="D5D6"/>
    <trip id="552" depart="1145" from="C7B7" to="D7E7"/>
    <trip id="553" depart="1145" from="A5B5" to="D3D4"/>
    <trip id="554" depart="1146" from="D1C1" to="E3D3"/>
    <trip id="555" depart="1146" from="G2G1" to="D3D4"/>
    <trip id="556" depart="1147" from="G2G3" to="E4D4"/>
    <trip id="557" depart="1147" from="C7C6" to="E3D3"/>
    <trip id="558" depart="1147" from="C3B3" to="E4E3"/>
    <trip id="559" depart="1148" from="H0G0" to="E4D4"/>
    <trip id="560" depart="1149" from="G1G0" to="D4E4"/>
    <trip id="561" depart="1149" from="H4H3" to="E3E4"/>
    <trip id="562" depart="1150" from="E6D6" to="G0H0"/>
    <trip id="563" depart="1150" from="B1A1" to="D4D3"/>
    <trip id="564" depart="1151" from="G6G5" to="D4D3"/>
    <trip id="565" depart="1151" from="B4B5" to="E3E4"/>
    <trip id="566" depart="1152" from="H6H5" to="D3D4"/>
    <trip id="567" depart="1152" from="F7E7" to="F1G1"/>
    <trip id="568" depart="1153" from="F0E0" to="E1E0"/>
    <trip id="569" depart="1153" from="B4B5" to="D3D4"/>
    <trip id="570" depart="1154" from="A1A0" to="D4D3"/>
    <trip id="571" depart="1155" from="E6D6" to="D3E3"/>
    <trip id="572" depart="1155" from="A2B2" to="D3E3"/>
    <trip id="573" depart="1156" from="A0B0" to="H1H2"/>
    <trip id="574" depart="1156" from="G2G3" to="E1F1"/>
    <trip id="575" depart="1157" from="C1B1" to="D3E3"/>
    <trip id="576" depart="1157" from="G2H2" to="E4E3"/>
    <trip id="577" depart="1157" from="E7E6" to="F7E7"/>
    <trip id="578" depart="1157" from="A5B5" to="D4E4"/>
    <trip id="579" depart="1157" from="D3E3" to="D4E4"/>
    <trip id="580" depart="1158" from="H5G5" to="B1B0"/>
    <trip id="581" depart="1158" from="A1B1" to="D4D3"/>
    <trip id="582" depart="1159" from="H4H3" to="D4D3"/>
    <trip id="583" depart="1159" from="A2A3" to="D3D4"/>
    <trip id="584" depart="1160" from="D1C1" to="D3D4"/>
    <trip id="585" depart="1160" from="G3F3" to="D3D4"/>
    <trip id="586" depart="1161" from="H0G0" to="D3D4"/>
    <trip id="587" depart="1162" from="D1D0" to="E3E4"/>
    <trip id="588" depart="1162" from="H4G4" to="E3E4"/>
    <trip id="589" depart="1162" from="A5B5" to="D4D3"/>
    <trip id="590" depart="1163" from="H6H5" to="D3E3"/>
    <trip id="591" depart="1163" from="A5A6" to="D3D4"/>
    <trip id="592" depart="1164" from="C7D7" to="D4D3"/>
    <trip id="593" depart="1164" from="B6B5" to="G6F6"/>
    <trip id="594" depart="1165" from="D0C0" to="E1E0"/>
    <trip id="595" depart="1165" from="H6G6" to="G1G2"/>
    <trip id="596" depart="1166" from="B0A0" to="B0A0"/>
    <trip id="597" depart="1166" from="G3G4" to="D4E4"/>
    <trip id="598" depart="1167" from="A1A0" to="E3E4"/>
    <trip id="599" depart="1168" from="F1E1" to="E4D4"/>
    <trip id="600" depart="1168" from="H1H0" to="D3D4"/>
    <trip id="601" depart="1168" from="B4B5" to="D4E4"/>
    <trip id="602" depart="1169" from="B7B6" to="E4D4"/>
    <trip id="603" depart="1169" from="A2A3" to="E3E4"/>
    <trip id="604" depart="1170" from="B1B0" to="D4D3"/>
    <trip id="605" depart="1170" from="B7A7" to="E4E3"/>
    <trip id="606" depart="1171" from="G1F1" to="D3D4"/>
    <trip id="607" depart="1171" from="H3H4" to="D4D3"/>
    <trip id="608" depart="1172" from="G6G7" to="E3D3"/>
    <trip id="609" depart="1174" from="A1A2" to="A5B5"/>
    <trip id="610" depart="1176" from="A0B0" to="D3D4"/>
    <trip id="611" depart="1176" from="F7F6" to="D3E3"/>
    <trip id="612" depart="1177" from="D2D1" to="E3E4"/>
    <trip id="613" depart="1177" from="F4G4" to="E3D3"/>
    <trip id="614" depart="1177" from="A1B1" to="D6C6"/>
    <trip id="615" depart="1178" from="D1D2" to="D4E4"/>
    <trip id="616" depart="1178" from="A3A2" to="D3E3"/>
    <trip id="617" depart="1179" from="G0G1" to="E0F0"/>
    <trip id="618" depart="1179" from="G2G3" to="E3D3"/>
    <trip id="619" depart="1179" from="F6E6" to="E3D3"/>
    <trip id="620" depart="1179" from="A6B6" to="D3E3"/>
    <trip id="621" depart="1180" from="G0F0" to="E4E3"/>
    <trip id="622" depart="1180" from="H1G1" to="B4B5"/>
    <trip id="623" depart="1180" from="G7G6" to="F7F6"/>
    <trip id="624" depart="1180" from="B5A5" to="E3D3"/>
    <trip id="625" depart="1181" from="G4G5" to="E3D3"/>
    <trip id="626" depart="1181" from="B5B6" to="B6B7"/>
    <trip id="627" depart="1182" from="G3G4" to="D3E3"/>
    <trip id="628" depart="1182" from="B2B1" to="D3E3"/>
    <trip id="629" depart="1183" from="G0F0" to="D4E4"/>
    <trip id="630" depart="1184" from="E0D0" to="D4E4"/>
    <trip id="631" depart="1184" from="H4H5" to="B6A6"/>
    <trip id="632" depart="1184" from="B1A1" to="D4D3"/>
    <trip id="633" depart="1185" from="B7C7" to="B2B1"/>
    <trip id="634" depart="1186" from="H0H1" to="D4D3"/>
    <trip id="635" depart="1187" from="B0C0" to="D4E4"/>
    <trip id="636" depart="1187" from="F3G3" to="D3E3"/>
    <trip id="637" depart="1187" from="B4B5" to="B3C3"/>
    <trip id="638" depart="1188" from="G4G3" to="E3E4"/>
    <trip id="639" depart="1189" from="H5H4" to="A5B5"/>
    <trip id="640" depart="1189" from="D6D5" to="D3E3"/>
    <trip id="641" depart="1189" from="B3A3" to="D3E3"/>
    <trip id="642" depart="1190" from="C6B6" to="C1D1"/>
    <trip id="643" depart="1190" from="B2A2" to="F4G4"/>
    <trip id="644" depart="1191" from="B1B0" to="E4E3"/>
    <trip id="645" depart="1191" from="H2H3" to="B3C3"/>
    <trip id="646" depart="1191" from="B1B2" to="E3E4"/>
    <trip id="647" depart="1193" from="D2D1" to="E4D4"/>
    <trip id="648" depart="1194" from="F0G0" to="G1H1"/>
    <trip id="649" depart="1194" from="G5H5" to="D3E3"/>
    <trip id="650" depart="1195" from="H1H2" to="B1B2"/>
    <trip id="651" depart="1196" from="C0C1" to="E4E3"/>
    <trip id="652" depart="1196" from="B7C7" to="E4D4"/>
    <trip id="653" depart="1196" from="B2B1" to="E4D4"/>
    <trip id="654" depart="1197" from="D0D1" to="C7D7"/>
    <trip id="655" depart="1198" from="H4G4" to="E4E3"/>
    <trip id="656" depart="1198" from="F6G6" to="D4E4"/>
    <trip id="657" depart="1199" from="E6E7" to="D7D6"/>
    <trip id="658" depart="1199" from="A3B3" to="D4E4"/>
    <trip id="659" depart="1200" from="E1D1" to="D4D3"/>
    <trip id="660" depart="1200" from="A4A3" to="D7D6"/>
    <trip id="661" depart="1201" from="E0F0" to="D4D3"/>
    <trip id="662" depart="1201" from="H1H0" to="D3E3"/>
    <trip id="663" depart="1201" from="B2B1" to="E4D4"/>
    <trip id="664" depart="1202" from="E1E0" to="D4E4"/>
    <trip id="665" depart="1202" from="H5G5" to="E4E3"/>
    <trip id="666" depart="1202" from="D5D6" to="D3E3"/>
    <trip id="667" depart="1202" from="A3A2" to="E4D4"/>
    <trip id="668" depart="1203" from="C0B0" to="C7C6"/>
    <trip id="669" depart="1203" from="D6D7" to="D4D3"/>
    <trip id="670" depart="1204" from="H0H1" to="B4B5"/>
    <trip id="671" depart="1205" from="A0A1" to="D4E4"/>
    <trip id="672" depart="1206" from="C0D0" to="E4E3"/>
    <trip id="673" depart="1206" from="H1H0" to="E3E4"/>
    <trip id="674" depart="1207" from="E1E0" to="E3D3"/>
    <trip id="675" depart="1207" from="G5G6" to="H2H1"/>
    <trip id="676" depart="1207" from="A1A0" to="E4D4"/>
    <trip id="677" depart="1208" from="F1E1" to="E4D4"/>
    <trip id="678" depart="1208" from="B7C7" to="G6G7"/>
    <trip id="679" depart="1209" from="G6F6" to="C6D6"/>
    <trip id="680" depart="1210" from="D6D5" to="D4D3"/>
    <trip id="681" depart="1211" from="B2B3" to="D3D4"/>
    <trip id="682" depart="1212" from="G3H3" to="E4D4"/>
    <trip id="683" depart="1212" from="B6B5" to="E3E4"/>
    <trip id="684" depart="1213" from="H7H6" to="E3E4"/>
    <trip id="685" depart="1213" from="B7B6" to="B5B4"/>
    <trip id="686" depart="1214" from="G6H6" to="D3D4"/>
    <trip id="687" depart="1215" from="G2H2" to="E3E4"/>
    <trip id="688" depart="1217" from="G4F4" to="D3E3"/>
    <trip id="689" depart="1217" from="G6F6" to="D4D3"/>
    <trip id="690" depart="1217" from="C4C5" to="D4D3"/>
    <trip id="691" depart="1218" from="H3G3" to="D3D4"/>
    <trip id="692" depart="1218" from="A7B7" to="B0A0"/>
    <trip id="693" depart="1219" from="F1G1" to="E4E3"/>
    <trip id="694" depart="1219" from="G2H2" to="B3A3"/>
    <trip id="695" depart="1220" from="B1B0" to="D4E4"/>
    <trip id="696" depart="1220" from="A2A3" to="A4A5"/>
    <trip id="697" depart="1221" from="E0D0" to="B7B6"/>
    <trip id="698" depart="1221" from="G1G2" to="D4E4"/>
    <trip id="699" depart="1221" from="E6D6" to="E0E1"/>
    <trip id="700" depart="1221" from="A1B1" to="E6E7"/>
    <trip id="701" depart="1221" from="F4E4" to="E4E3"/>
    <trip id="702" depart="1222" from="D1E1" to="E3E4"/>
    <trip id="703" depart="1222" from="G3G4" to="D4E4"/>
    <trip id="704" depart="1222" from="A6B6" to="D4E4"/>
    <trip id="705" depart="1223" from="B3A3" to="E3E4"/>
    <trip id="706" depart="1224" from="G5H5" to="D4E4"/>
    <trip id="707" depart="1225" from="A2A3" to="D3D4"/>
    <trip id="708" depart="1226" from="D1C1" to="E3D3"/>
    <trip id="709" depart="1226" from="A1A2" to="E3D3"/>
    <trip id="710" depart="1228" from="G1G0" to="D4E4"/>
    <trip id="711" depart="1228" from="G1G2" to="H4H5"/>
    <trip id="712" depart="1229" from="F0E0" to="D6D5"/>
    <trip id="713" depart="1229" from="G3G4" to="D3E3"/>
    <trip id="714" depart="1229" from="B4A4" to="D4D3"/>
    <trip id="715" depart="1230" from="E7E6" to="D3E3"/>
    <trip id="716" depart="1230" from="B5B6" to="D3E3"/>
    <trip id="717" depart="1231" from="F1E1" to="H0G0"/>
    <trip id="718" depart="1231" from="G1G2" to="E1D1"/>
    <trip id="719" depart="1231" from="G6G7" to="D4E4"/>
    <trip id="720" depart="1231" from="B1B2" to="D4E4"/>
    <trip id="721" depart="1232" from="G3G4" to="D3D4"/>
    <trip id="722" depart="1232" from="F7F6" to="E4D4"/>
    <trip id="723" depart="1232" from="B2B3" to="E3E4"/>
    <trip id="724" depart="1233" from="C1B1" to="E4D4"/>
    <trip id="725" depart="1233" from="F3G3" to="E4E3"/>
    <trip id="726" depart="1234" from="C0B0" to="E0E1"/>
    <trip id="727" depart="1234" from="G7F7" to="D3E3"/>
    <trip id="728" depart="1234" from="A2A3" to="D4E4"/>
    <trip id="729" depart="1235" from="F6E6" to="E4D4"/>
    <trip id="730" depart="1236" from="G3G2" to="H1H2"/>
    <trip id="731" depart="1237" from="B0C0" to="D4E4"/>
    <trip id="732" depart="1237" from="A4A3" to="A1A2"/>
    <trip id="733" depart="1238" from="B1A1" to="D4E4"/>
    <trip id="734" depart="1239" from="D1C1" to="E4E3"/>
    <trip id="735" depart="1240" from="F0F1" to="E4E3"/>
    <trip id="736" depart="1241" from="D0C0" to="D4D3"/>
    <trip id="737" depart="1241" from="B7A7" to="D3E3"/>
    <trip id="738" depart="1241" from="B1B2" to="D3E3"/>
    <trip id="739" depart="1242" from="C1C0" to="C1B1"/>
    <trip id="740" depart="1242" from="G4G5" to="D4E4"/>
    <trip id="741" depart="1242" from="A1A0" to="E3E4"/>
    <trip id="742" depart="1242" from="F2F3" to="D4D3"/>
    <trip id="743" depart="1243" from="H1H0" to="A5A4"/>
    <trip id="744" depart="1243" from="E7E6" to="E3D3"/>
    <trip id="745" depart="1244" from="C6C7" to="B4A4"/>
    <trip id="746" depart="1245" from="F0F1" to="E4D4"/>
    <trip id="747" depart="1245" from="H4H3" to="E3D3"/>
    <trip id="748" depart="1245" from="G6G7" to="E4D4"/>
    <trip id="749" depart="1246" from="B2B3" to="H5G5"/>
    <trip id="750" depart="1247" from="F6F7" to="B4B3"/>
    <trip id="751" depart="1247" from="B4A4" to="B6A6"/>
    <trip id="752" depart="1248" from="H3H2" to="D4E4"/>
    <trip id="753" depart="1248" from="A4A5" to="H3H4"/>
    <trip id="754" depart="1249" from="G1F1" to="D4D3"/>
    <trip id="755" depart="1249" from="F7G7" to="E4D4"/>
    <trip id="756" depart="1249" from="A6A5" to="A0A1"/>
    <trip id="757" depart="1250" from="B1B0" to="D3E3"/>
    <trip id="758" depart="1250" from="C6D6" to="F6E6"/>
    <trip id="759" depart="1251" from="C0C1" to="D4D3"/>
    <trip id="760" depart="1251" from="H6H5" to="E3D3"/>
    <trip id="761" depart="1252" from="A6A5" to="E4E3"/>
    <trip id="762" depart="1252" from="E2E3" to="D3E3"/>
    <trip id="763" depart="1253" from="H6G6" to="E4E3"/>
    <trip id="764" depart="1253" from="G7H7" to="D2D1"/>
    <trip id="765" depart="1254" from="G3G2" to="F1E1"/>
    <trip id="766" depart="1254" from="B2A2" to="D6D5"/>
    <trip id="767" depart="1255" from="G5H5" to="E3D3"/>
    <trip id="768" depart="1256" from="H4G4" to="D3D4"/>
    <trip id="769" depart="1258" from="H5H4" to="B4B5"/>
    <trip id="770" depart="1260" from="B1C1" to="D3D4"/>
    <trip id="771" depart="1260" from="C7D7" to="D4D3"/>
    <trip id="772" depart="1261" from="H6G6" to="D3D4"/>
    <trip id="773" depart="1262" from="E0E1" to="E3D3"/>
    <trip id="774" depart="1262" from="G7H7" to="D4D3"/>
    <trip id="775" depart="1263" from="C0B0" to="E3D3"/>
    <trip id="776" depart="1263" from="H7H6" to="H6H7"/>
    <trip id="777" depart="1263" from="F7E7" to="H0G0"/>
    <trip id="778" depart="1264" from="G1G0" to="E4D4"/>
    <trip id="779" depart="1265" from="H4G4" to="B2B3"/>
    <trip id="780" depart="1265" from="B2A2" to="D3D4"/>
    <trip id="781" depart="1266" from="E0D0" to="B1C1"/>
    <trip id="782" depart="1266" from="F7F6" to="E3D3"/>
    <trip id="783" depart="1268" from="H6H7" to="D4E4"/>
    <trip id="784" depart="1268" from="B1A1" to="E4E3"/>
    <trip id="785" depart="1269" from="B1B2" to="D3E3"/>
    <trip id="786" depart="1270" from="H3H4" to="D3D4"/>
    <trip id="787" depart="1270" from="E6E7" to="E3D3"/>
    <trip id="788" depart="1270" from="A2A1" to="E4E3"/>
    <trip id="789" depart="1271" from="G6H6" to="E3D3"/>
    <trip id="790" depart="1271" from="B6A6" to="B3C3"/>
    <trip id="791" depart="1272" from="D0C0" to="E3D3"/>
    <trip id="792" depart="1272" from="H7G7" to="E3D3"/>
    <trip id="793" depart="1273" from="B4B3" to="E4E3"/>
    <trip id="794" depart="1274" from="G3G2" to="E3D3"/>
    <trip id="795" depart="1274" from="E7D7" to="F1E1"/>
    <trip id="796" depart="1274" from="B4B5" to="D4D3"/>
    <trip id="797" depart="1275" from="B3B2" to="D4E4"/>
    <trip id="798" depart="1276" from="G6G7" to="E4E3"/>
    <trip id="799" depart="1276" from="A3B3" to="D4D3"/>
    <trip id="800" depart="1278" from="A4A5" to="D3E3"/>
    <trip id="801" depart="1279" from="G3G4" to="D4D3"/>
    <trip id="802" depart="1280" from="E7D7" to="E4D4"/>
    <trip id="803" depart="1281" from="A2A1" to="F6E6"/>
    <trip id="804" depart="1282" from="A6A7" to="E4E3"/>
    <trip id="805" depart="1283" from="E1F1" to="E3E4"/>
    <trip id="806" depart="1284" from="C6C7" to="E3E4"/>
    <trip id="807" depart="1285" from="G6G7" to="E3E4"/>
    <trip id="808" depart="1286" from="E1E0" to="E4E3"/>
    <trip id="809" depart="1287" from="E1F1" to="E4D4"/>
    <trip id="810" depart="1287" from="E7D7" to="D4D3"/>
    <trip id="811" depart="1288" from="G2G3" to="E4D4"/>
    <trip id="812" depart="1288" from="F7F6" to="E4D4"/>
    <trip id="813" depart="1288" from="A3A4" to="D4E4"/>
    <trip id="814" depart="1289" from="G2G3" to="D4E4"/>
    <trip id="815" depart="1289" from="D6E6" to="D4D3"/>
    <trip id="816" depart="1289" from="B2B3" to="B7B6"/>
    <trip id="817" depart="1290" from="E7F7" to="D4D3"/>
    <trip id="818" depart="1292" from="E1D1" to="D3D4"/>
    <trip id="819" depart="1292" from="G5G6" to="D3E3"/>
    <trip id="820" depart="1292" from="C7C6" to="E4E3"/>
    <trip id="821" depart="1292" from="B2B1" to="D4E4"/>
    <trip id="822" depart="1293" from="D2D1" to="E4D4"/>
    <trip id="823" depart="1293" from="A2B2" to="D4E4"/>
    <trip id="824" depart="1294" from="H2H1" to="E3D3"/>
    <trip id="825" depart="1294" from="B5B6" to="E4D4"/>
    <trip id="826" depart="1295" from="E0E1" to="E3D3"/>
    <trip id="827" depart="1295" from="H5H6" to="E1D1"/>
    <trip id="828" depart="1296" from="D1D2" to="G2H2"/>
    <trip id="829" depart="1296" from="G3H3" to="D3E3"/>
    <trip id="830" depart="1296" from="A1A0" to="E3E4"/>
    <trip id="831" depart="1297" from="B1B0" to="E3E4"/>
    <trip id="832" depart="1297" from="H0H1" to="D1D0"/>
    <trip id="833" depart="1298" from="D1D2" to="G0F0"/>
    <trip id="834" depart="1298" from="H1G1" to="D3D4"/>
    <trip id="835" depart="1298" from="D7C7" to="D0D1"/>
    <trip id="836" depart="1300" from="E0F0" to="D3D4"/>
    <trip id="837" depart="1300" from="E7D7" to="D4D3"/>
    <trip id="838" depart="1301" from="D2D1" to="E4D4"/>
    <trip id="839" depart="1301" from="E4E5" to="D4D3"/>
    <trip id="840" depart="1302" from="G3F3" to="E3E4"/>
    <trip id="841" depart="1302" from="C3B3" to="E3E4"/>
    <trip id="842" depart="1303" from="E7F7" to="E3D3"/>
    <trip id="843" depart="1303" from="B4B5" to="D3D4"/>
    <trip id="844" depart="1304" from="G0F0" to="D3D4"/>
    <trip id="845" depart="1304" from="H1H0" to="G2G3"/>
    <trip id="846" depart="1304" from="B2B3" to="E3D3"/>
    <trip id="847" depart="1305" from="H0H1" to="A3A4"/>
    <trip id="848" depart="1306" from="G6G5" to="D3D4"/>
    <trip id="849" depart="1306" from="B5A5" to="E3D3"/>
    <trip id="850" depart="1307" from="G3H3" to="D4D3"/>
    <trip id="851" depart="1307" from="D6D7" to="D3D4"/>
    <trip id="852" depart="1308" from="G2G3" to="A0A1"/>
    <trip id="853" depart="1309" from="C0B0" to="E4D4"/>
    <trip id="854" depart="1309" from="H7H6" to="E3E4"/>
    <trip id="855" depart="1310" from="H1G1" to="E1F1"/>
    <trip id="856" depart="1311" from="B3B4" to="D3E3"/>
    <trip id="857" depart="1312" from="E0E1" to="D3D4"/>
    <trip id="858" depart="1312" from="H4H3" to="E3E4"/>
    <trip id="859" depart="1312" from="C6C7" to="D4D3"/>
    <trip id="860" depart="1312" from="B2B3" to="D3E3"/>
    <trip id="861" depart="1313" from="D1D2" to="E3D3"/>
    <trip id="862" depart="1313" from="D6D7" to="B4B3"/>
    <trip id="863" depart="1314" from="B5B4" to="D4E4"/>
    <trip id="864" depart="1315" from="B5B4" to="H0H1"/>
    <trip id="865" depart="1316" from="D0E0" to="D4E4"/>
    <trip id="866" depart="1317" from="G5G6" to="H4G4"/>
    <trip id="867" depart="1317" from="F7G7" to="E4D4"/>
    <trip id="868" depart="1317" from="B4B3" to="E6D6"/>
    <trip id="869" depart="1318" from="F6G6" to="E4E3"/>
    <trip id="870" depart="1319" from="F1E1" to="D4E4"/>
    <trip id="871" depart="1319" from="B2A2" to="H6H5"/>
    <trip id="872" depart="1320" from="C1C0" to="E4D4"/>
    <trip id="873" depart="1320" from="D5D6" to="E3D3"/>
    <trip id="874" depart="1320" from="B4A4" to="G5G4"/>
    <trip id="875" depart="1321" from="F1G1" to="D4E4"/>
    <trip id="876" depart="1321" from="C7B7" to="E4D4"/>
    <trip id="877" depart="1321" from="A6A7" to="D3E3"/>
    <trip id="878" depart="1322" from="G1G2" to="A1B1"/>
    <trip id="879" depart="1323" from="F0E0" to="F7F6"/>
    <trip id="880" depart="1323" from="G4H4" to="G3G4"/>
    <trip id="881" depart="1323" from="D2C2" to="D4E4"/>
    <trip id="882" depart="1324" from="G0G1" to="E4E3"/>
    <trip id="883" depart="1324" from="G6H6" to="D4E4"/>
    <trip id="884" depart="1324" from="G6G7" to="D3D4"/>
    <trip id="885" depart="1325" from="B1B0" to="C6B6"/>
    <trip id="886" depart="1325" from="B7A7" to="E4E3"/>
    <trip id="887" depart="1326" from="H1G1" to="E4E3"/>
    <trip id="888" depart="1326" from="A2A1" to="D4E4"/>
    <trip id="889" depart="1327" from="B0C0" to="E3E4"/>
    <trip id="890" depart="1327" from="G2H2" to="E4E3"/>
    <trip id="891" depart="1327" from="E7D7" to="D4D3"/>
    <trip id="892" depart="1328" from="D1C1" to="D3D4"/>
    <trip id="893" depart="1328" from="E6D6" to="A3A4"/>
    <trip id="894" depart="1329" from="H0H1" to="E4D4"/>
    <trip id="895" depart="1330" from="C0C1" to="E3E4"/>
    <trip id="896" depart="1330" from="F7G7" to="D4E4"/>
    <trip id="897" depart="1330" from="B2A2" to="E3E4"/>
    <trip id="898" depart="1331" from="E0D0" to="E4D4"/>
    <trip id="899" depart="1331" from="D6C6" to="E4D4"/>
    <trip id="900" depart="1332" from="F1E1" to="G3F3"/>
    <trip id="901" depart="1332" from="B5B6" to="G6H6"/>
    <trip id="902" depart="1333" from="E0F0" to="E0D0"/>
    <trip id="903" depart="1333" from="H5H4" to="E3E4"/>
    <trip id="904" depart="1334" from="H5H6" to="E3D3"/>
    <trip id="905" depart="1335" from="H0G0" to="D6D5"/>
    <trip id="906" depart="1335" from="G3F3" to="A3B3"/>
    <trip id="907" depart="1335" from="A6B6" to="B3B2"/>
    <trip id="908" depart="1336" from="G5G4" to="B4B5"/>
    <trip id="909" depart="1337" from="D6E6" to="D4E4"/>
    <trip id="910" depart="1338" from="G5H5" to="D3D4"/>
    <trip id="911" depart="1338" from="C6C7" to="E4E3"/>
    <trip id="912" depart="1339" from="H3H4" to="E3D3"/>
    <trip id="913" depart="1339" from="B5B6" to="D3E3"/>
    <trip id="914" depart="1340" from="G0G1" to="E4E3"/>
    <trip id="915" depart="1340" from="G1G2" to="E4E3"/>
    <trip id="916" depart="1341" from="B1B0" to="D4E4"/>
    <trip id="917" depart="1342" from="B1B0" to="E3E4"/>
    <trip id="918" depart="1342" from="G4G3" to="B5B4"/>
    <trip id="919" depart="1343" from="H0H1" to="A3A4"/>
    <trip id="920" depart="1343" from="C7B7" to="H7G7"/>
    <trip id="921" depart="1343" from="A1A0" to="A2A3"/>
    <trip id="922" depart="1344" from="C0D0" to="D3E3"/>
    <trip id="923" depart="1344" from="H6G6" to="E3E4"/>
    <trip id="924" depart="1344" from="F6E6" to="D4D3"/>
    <trip id="925" depart="1344" from="B5B4" to="E3D3"/>
    <trip id="926" depart="1345" from="B7C7" to="D3D4"/>
    <trip id="927" depart="1346" from="F1F0" to="E3D3"/>
    <trip id="928" depart="1346" from="F3G3" to="D4E4"/>
    <trip id="929" depart="1346" from="G7H7" to="E3E4"/>
    <trip id="930" depart="1347" from="G4G5" to="D3D4"/>
    <trip id="931" depart="1347" from="D6D5" to="E3D3"/>
    <trip id="932" depart="1348" from="H1H2" to="D4E4"/>
    <trip id="933" depart="1348" from="F7E7" to="D4D3"/>
    <trip id="934" depart="1348" from="A2A3" to="E3D3"/>
    <trip id="935" depart="1349" from="G7F7" to="E4D4"/>
    <trip id="936" depart="1350" from="H4G4" to="D3E3"/>
    <trip id="937" depart="1353" from="D0D1" to="D3D4"/>
    <trip id="938" depart="1353" from="C7B7" to="C6C7"/>
    <trip id="939" depart="1353" from="B3C3" to="D3E3"/>
    <trip id="940" depart="1354" from="C5C4" to="E3D3"/>
    <trip id="941" depart="1355" from="H5G5" to="D3E3"/>
    <trip id="942" depart="1355" from="A4B4" to="G2G3"/>
    <trip id="943" depart="1356" from="A3B3" to="E3E4"/>
    <trip id="944" depart="1357" from="C1B1" to="G6F6"/>
    <trip id="945" depart="1357" from="F4G4" to="D4E4"/>
    <trip id="946" depart="1358" from="G6G5" to="D4E4"/>
    <trip id="947" depart="1358" from="B1A1" to="D4D3"/>
    <trip id="948" depart="1359" from="G4G3" to="D3E3"/>
    <trip id="949" depart="1359" from="E6E7" to="D3E3"/>
    <trip id="950" depart="1359" from="A3A2" to="D3D4"/>
    <trip id="951" depart="1360" from="F1E1" to="E4D4"/>
    <trip id="952" depart="1363" from="B3B2" to="H2H3"/>
    <trip id="953" depart="1364" from="G5H5" to="E3E4"/>
    <trip id="954" depart="1366" from="G7G6" to="E3D3"/>
    <trip id="955" depart="1367" from="H3H4" to="D3E3"/>
    <trip id="956" depart="1367" from="B4A4" to="E3E4"/>
    <trip id="957" depart="1369" from="E1E0" to="D4D3"/>
    <trip id="958" depart="1369" from="G6F6" to="D3D4"/>
    <trip id="959" depart="1369" from="A3B3" to="D3D4"/>
    <trip id="960" depart="1370" from="G3F3" to="D4D3"/>
    <trip id="961" depart="1370" from="A1A2" to="E3D3"/>
    <trip id="962" depart="1371" from="A7B7" to="D4E4"/>
    <trip id="963" depart="1371" from="B4A4" to="E6D6"/>
    <trip id="964" depart="1372" from="G1F1" to="D4D3"/>
    <trip id="965" depart="1372" from="B6C6" to="B1B0"/>
    <trip id="966" depart="1373" from="F0E0" to="E3D3"/>
    <trip id="967" depart="1373" from="C6C7" to="G0G1"/>
    <trip id="968" depart="1374" from="F0E0" to="E3E4"/>
    <trip id="969" depart="1374" from="H2H1" to="D4D3"/>
    <trip id="970" depart="1376" from="G4H4" to="E3E4"/>
    <trip id="971" depart="1376" from="C6B6" to="D4E4"/>
    <trip id="972" depart="1377" from="H5H4" to="D4D3"/>
    <trip id="973" depart="1377" from="B3B4" to="D4E4"/>
    <trip id="974" depart="1378" from="C0B0" to="E4E3"/>
    <trip id="975" depart="1378" from="A6A7" to="D4D3"/>
    <trip id="976" depart="1379" from="G7G6" to="C6C7"/>
    <trip id="977" depart="1380" from="H3H4" to="A4A3"/>
    <trip id="978" depart="1380" from="A4B4" to="E4D4"/>
    <trip id="979" depart="1381" from="B4B5" to="F6G6"/>
    <trip id="980" depart="1382" from="E0E1" to="E0E1"/>
    <trip id="981" depart="1382" from="G4G3" to="E4D4"/>
    <trip id="982" depart="1383" from="G7H7" to="E4D4"/>
    <trip id="983" depart="1383" from="A3B3" to="D3E3"/>
    <trip id="984" depart="1384" from="B0C0" to="D3E3"/>
    <trip id="985" depart="1384" from="A1A0" to="D3E3"/>
    <trip id="986" depart="1385" from="B4B5" to="D3E3"/>
    <trip id="987" depart="1386" from="D0D1" to="G0H0"/>
    <trip id="988" depart="1386" from="B5A5" to="D4E4"/>
    <trip id="989" depart="1388" from="B1B0" to="E3D3"/>
    <trip id="990" depart="1389" from="E0F0" to="G0F0"/>
    <trip id="991" depart="1389" from="F7G7" to="E4E3"/>
    <trip id="992" depart="1389" from="E3E2" to="D3E3"/>
    <trip id="993" depart="1390" from="C1C0" to="D4D3"/>
    <trip id="994" depart="1390" from="H2G2" to="H5G5"/>
    <trip id="995" depart="1390" from="F6E6" to="E3E4"/>
    <trip id="996" depart="1391" from="G0F0" to="E4D4"/>
    <trip id="997" depart="1391" from="G2H2" to="E3E4"/>
    <trip id="998" depart="1391" from="B6B5" to="G7H7"/>
    <trip id="999" depart="1392" from="D1E1" to="D3D4"/>
    <trip id="1000" depart="1392" from="H2H1" to="E4E3"/>
    <trip id="1001" depart="1392" from="D7E7" to="G7G6"/>
    <trip id="1002" depart="1393" from="B0C0" to="H6H7"/>
    <trip id="1003" depart="1394" from="G4H4" to="E3D3"/>
    <trip id="1004" depart="1395" from="E0D0" to="D7E7"/>
    <trip id="1005" depart="1396" from="C1C0" to="G6G7"/>
    <trip id="1006" depart="1396" from="B2A2" to="F6F7"/>
    <trip id="1007" depart="1397" from="E0D0" to="E4D4"/>
    <trip id="1008" depart="1397" from="D7D6" to="D4D3"/>
    <trip id="1009" depart="1397" from="A5B5" to="D7E7"/>
    <trip id="1010" depart="1398" from="G1F1" to="G1F1"/>
    <trip id="1011" depart="1398" from="F7E7" to="D3E3"/>
    <trip id="1012" depart="1398" from="A1B1" to="D3E3"/>
    <trip id="1013" depart="1398" from="F4F3" to="D4D3"/>
    <trip id="1014" depart="1399" from="A0B0" to="E6E7"/>
    <trip id="1015" depart="1399" from="H6G6" to="E3D3"/>
    <trip id="1016" depart="1399" from="B5B6" to="B1B2"/>
    <trip id="1017" depart="1399" from="E5F5" to="D4D3"/>
    <trip id="1018" depart="1405" from="C1C0" to="D3E3"/>
    <trip id="1019" depart="1415" from="H1G1" to="D4D3"/>
    <trip id="1020" depart="1424" from="B6C6" to="D3E3"/>
    <trip id="1021" depart="1427" from="B3A3" to="G3H3"/>
    <trip id="1022" depart="1437" from="F7F6" to="A5A4"/>
    <trip id="1023" depart="1439" from="C7B7" to="D3D4"/>
    <trip id="1024" depart="1441" from="A3A2" to="D3D4"/>
    <trip id="1025" depart="1444" from="B3C3" to="D3E3"/>
    <trip id="1026" depart="1446" from="G4F4" to="E4D4"/>
    <trip id="1027" depart="1447" from="A3A2" to="D3D4"/>
    <trip id="1028" depart="1449" from="B6C6" to="E4D4"/>
    <trip id="1029" depart="1449" from="E4E5" to="E4D4"/>
    <trip id="1030" depart="1451" from="C2C3" to="D4E4"/>
    <trip id="1031" depart="1452" from="E1D1" to="D3D4"/>
    <trip id="1032" depart="1454" from="C2C3" to="D4E4"/>
    <trip id="1033" depart="1455" from="D2E2" to="D3D4"/>
    <trip id="1034" depart="1456" from="G0H0" to="E3E4"/>
    <trip id="1035" depart="1457" from="A5A6" to="D3D4"/>
    <trip id="1036" depart="1461" from="B0B1" to="E3E4"/>
    <trip id="1037" depart="1466" from="A1A0" to="D4E4"/>
    <trip id="1038" depart="1475" from="H6G6" to="A1A0"/>
    <trip id="1039" depart="1478" from="B1A1" to="E3E4"/>
    <trip id="1040" depart="1479" from="F0G0" to="E4E3"/>
    <trip id="1041" depart="1479" from="A5B5" to="E3E4"/>
    <trip id="1042" depart="1497" from="D7E7" to="D3D4"/>
    <trip id="1043" depart="1509" from="F6G6" to="D4D3"/>
    <trip id="1044" depart="1510" from="A5B5" to="D3E3"/>
    <trip id="1045" depart="1511" from="H5G5" to="E3D3"/>
    <trip id="1046" depart="1512" from="E0E1" to="E4D4"/>
    <trip id="1047" depart="1514" from="B1B2" to="E4D4"/>
    <trip id="1048" depart="1517" from="D0C0" to="D4D3"/>
    <trip id="1049" depart="1517" from="C4C3" to="E4D4"/>
    <trip id="1050" depart="1525" from="G2G1" to="E3D3"/>
    <trip id="1051" depart="1529" from="D2D1" to="E4D4"/>
    <trip id="1052" depart="1530" from="D0C0" to="E3D3"/>
    <trip id="1053" depart="1531" from="C1C0" to="E3D3"/>
    <trip id="1054" depart="1536" from="C7C6" to="E4D4"/>
    <trip id="1055" depart="1546" from="H0G0" to="E3D3"/>
    <trip id="1056" depart="1552" from="G6G7" to="B5B4"/>
    <trip id="1057" depart="1554" from="D0E0" to="D3E3"/>
    <trip id="1058" depart="1555" from="E7E6" to="E3D3"/>
    <trip id="1059" depart="1556" from="H1H0" to="D4E4"/>
    <trip id="1060" depart="1559" from="B4B5" to="E4D4"/>
    <trip id="1061" depart="1563" from="B7B6" to="F6E6"/>
    <trip id="1062" depart="1566" from="H3H2" to="A0B0"/>
    <trip id="1063" depart="1566" from="B4B3" to="E4E3"/>
    <trip id="1064" depart="1594" from="F3G3" to="E3E4"/>
    <trip id="1065" depart="1595" from="D5C5" to="D4E4"/>
    <trip id="1066" depart="1615" from="E7F7" to="E3D3"/>
    <trip id="1067" depart="1624" from="B7B6" to="B2A2"/>
    <trip id="1068" depart="1626" from="G1F1" to="E3E4"/>
    <trip id="1069" depart="1626" from="E5F5" to="E4E3"/>
    <trip id="1070" depart="1628" from="G5G6" to="G5G6"/>
    <trip id="1071" depart="1632" from="E1D1" to="D4D3"/>
    <trip id="1072" depart="1634" from="B6C6" to="E3D3"/>
    <trip id="1073" depart="1635" from="C4C5" to="E4D4"/>
    <trip id="1074" depart="1636" from="G5H5" to="D4D3"/>
    <trip id="1075" depart="1643" from="F0F1" to="B0B1"/>
    <trip id="1076" depart="1647" from="F4F3" to="D3E3"/>
    <trip id="1077" depart="1651" from="A0B0" to="E4E3"/>
    <trip id="1078" depart="1655" from="G3G2" to="D3D4"/>
    <trip id="1079" depart="1662" from="D3C3" to="D3E3"/>
    <trip id="1080" depart="1663" from="F6E6" to="F0G0"/>
    <trip id="1081" depart="1674" from="A2B2" to="D3E3"/>
    <trip id="1082" depart="1682" from="G1G2" to="A5B5"/>
    <trip id="1083" depart="1689" from="G3H3" to="D3D4"/>
    <trip id="1084" depart="1692" from="F1F0" to="E7D7"/>
    <trip id="1085" depart="1699" from="D3C3" to="D3D4"/>
    <trip id="1086" depart="1701" from="D1E1" to="C1C0"/>
    <trip id="1087" depart="1706" from="A4B4" to="D3E3"/>
    <trip id="1088" depart="1707" from="B0C0" to="E3E4"/>
    <trip id="1089" depart="1715" from="H6H5" to="E4E3"/>
    <trip id="1090" depart="1716" from="G7H7" to="D4E4"/>
    <trip id="1091" depart="1724" from="G5G4" to="H5H4"/>
    <trip id="1092" depart="1730" from="F0F1" to="D4E4"/>
    <trip id="1093" depart="1733" from="A7B7" to="D3D4"/>
    <trip id="1094" depart="1734" from="D0D1" to="F4G4"/>
    <trip id="1095" depart="1734" from="B4B5" to="E4D4"/>
    <trip id="1096" depart="1740" from="H1H0" to="D3D4"/>
    <trip id="1097" depart="1746" from="A1A2" to="D3E3"/>
    <trip id="1098" depart="1763" from="D4C4" to="D3D4"/>
    <trip id="1099" depart="1765" from="C0C1" to="E3E4"/>
    <trip id="1100" depart="1772" from="F6E6" to="E3E4"/>
    <trip id="1101" depart="1774" from="G0F0" to="D3D4"/>
    <trip id="1102" depart="1794" from="F6G6" to="E4E3"/>
    <trip id="1103" depart="1794" from="A3B3" to="E3E4"/>
    <trip id="1104" depart="1798" from="H0H1" to="D4E4"/>
    <trip id="1105" depart="1798" from="B3C3" to="D4D3"/>
    <trip id="1106" depart="1804" from="B1C1" to="D3E3"/>
    <trip id="1107" depart="1807" from="F2E2" to="D4D3"/>
    <trip id="1108" depart="1815" from="G6G5" to="E3E4"/>
    <trip id="1109" depart="1822" from="C0C1" to="H3H4"/>
    <trip id="1110" depart="1832" from="H3H2" to="D3E3"/>
    <trip id="1111" depart="1833" from="D7E7" to="F6G6"/>
    <trip id="1112" depart="1844" from="D2D3" to="D3E3"/>
    <trip id="1113" depart="1845" from="C2D2" to="E3E4"/>
    <trip id="1114" depart="1847" from="B0C0" to="C7D7"/>
    <trip id="1115" depart="1849" from="E4F4" to="D3D4"/>
    <trip id="1116" depart="1852" from="A3A4" to="D4D3"/>
    <trip id="1117" depart="1853" from="D7E7" to="E3D3"/>
    <trip id="1118" depart="1854" from="E6D6" to="D4D3"/>
    <trip id="1119" depart="1864" from="E1F1" to="D4D3"/>
    <trip id="1120" depart="1866" from="D7D6" to="D3E3"/>
    <trip id="1121" depart="1867" from="G1F1" to="D3E3"/>
    <trip id="1122" depart="1872" from="B1C1" to="D3D4"/>
    <trip id="1123" depart="1872" from="H7G7" to="E4E3"/>
    <trip id="1124" depart="1873" from="H5H6" to="D3E3"/>
    <trip id="1125" depart="1873" from="D6D5" to="E4D4"/>
    <trip id="1126" depart="1883" from="B7C7" to="E4D4"/>
    <trip id="1127" depart="1884" from="H6H5" to="E3D3"/>
    <trip id="1128" depart="1884" from="E6F6" to="E3D3"/>
    <trip id="1129" depart="1889" from="D0D1" to="E4E3"/>
    <trip id="1130" depart="1894" from="E1F1" to="B1C1"/>
    <trip id="1131" depart="1894" from="H7H6" to="D4D3"/>
    <trip id="1132" depart="1897" from="E1F1" to="G4G5"/>
    <trip id="1133" depart="1902" from="A1A0" to="D3D4"/>
    <trip id="1134" depart="1904" from="D2D1" to="E4D4"/>
    <trip id="1135" depart="1905" from="B5A5" to="D3D4"/>
    <trip id="1136" depart="1906" from="D4D5" to="D4D3"/>
    <trip id="1137" depart="1924" from="D5C5" to="D4D3"/>
    <trip id="1138" depart="1928" from="G1G2" to="D4D3"/>
    <trip id="1139" depart="1930" from="G6G7" to="D3D4"/>
    <trip id="1140" depart="1931" from="B1A1" to="E3E4"/>
    <trip id="1141" depart="1932" from="C0B0" to="F6G6"/>
    <trip id="1142" depart="1933" from="A2A3" to="E3D3"/>
    <trip id="1143" depart="1943" from="B4B5" to="B4B3"/>
    <trip id="1144" depart="1944" from="F5E5" to="D3E3"/>
    <trip id="1145" depart="1948" from="F0G0" to="B6C6"/>
    <trip id="1146" depart="1949" from="A4A3" to="E4D4"/>
    <trip id="1147" depart="1952" from="D7E7" to="D4E4"/>
    <trip id="1148" depart="1954" from="G1H1" to="G0G1"/>
    <trip id="1149" depart="1956" from="B5B4" to="D4D3"/>
    <trip id="1150" depart="1958" from="D6D5" to="E3E4"/>
    <trip id="1151" depart="1970" from="H4H5" to="E3D3"/>
    <trip id="1152" depart="1972" from="B7B6" to="E4D4"/>
    <trip id="1153" depart="1979" from="B6A6" to="H5G5"/>
    <trip id="1154" depart="1981" from="E7D7" to="D3E3"/>
    <trip id="1155" depart="1989" from="A3A2" to="D4D3"/>
    <trip id="1156" depart="1990" from="D7E7" to="E4E3"/>
    <trip id="1157" depart="1991" from="H0H1" to="H2H1"/>
    <trip id="1158" depart="1993" from="G4H4" to="E3E4"/>
    <trip id="1159" depart="1998" from="B3B2" to="B3A3"/>
    <trip id="1160" depart="2003" from="G4F4" to="D3D4"/>
    <trip id="1161" depart="2017" from="D3C3" to="D4E4"/>
    <trip id="1162" depart="2018" from="B5B6" to="D3D4"/>
    <trip id="1163" depart="2019" from="B4B3" to="E3E4"/>
    <trip id="1164" depart="2019" from="D5E5" to="E3D3"/>
    <trip id="1165" depart="2024" from="F3F4" to="E4E3"/>
    <trip id="1166" depart="2026" from="H1H2" to="D4D3"/>
    <trip id="1167" depart="2032" from="B2A2" to="B3A3"/>
    <trip id="1168" depart="2034" from="D6D5" to="B2A2"/>
    <trip id="1169" depart="2039" from="G4G5" to="E3D3"/>
    <trip id="1170" depart="2046" from="A3A2" to="G1H1"/>
    <trip id="1171" depart="2050" from="C0D0" to="E6E7"/>
    <trip id="1172" depart="2050" from="H6H5" to="E3D3"/>
    <trip id="1173" depart="2054" from="C3C4" to="D3E3"/>
    <trip id="1174" depart="2059" from="A7B7" to="D4E4"/>
    <trip id="1175" depart="2063" from="G4G3" to="E4D4"/>
    <trip id="1176" depart="2063" from="E3E4" to="E3E4"/>
    <trip id="1177" depart="2066" from="C4C5" to="D3D4"/>
    <trip id="1178" depart="2069" from="C1D1" to="D3D4"/>
    <trip id="1179" depart="2072" from="D4D3" to="D4D3"/>
    <trip id="1180" depart="2080" from="B6C6" to="D3E3"/>
    <trip id="1181" depart="2081" from="F1E1" to="C0C1"/>
    <trip id="1182" depart="2082" from="E0F0" to="E3D3"/>
    <trip id="1183" depart="2085" from="E3E2" to="D3D4"/>
    <trip id="1184" depart="2090" from="F0E0" to="D3E3"/>
    <trip id="1185" depart="2091" from="G1G0" to="E3D3"/>
    <trip id="1186" depart="2091" from="D2D3" to="D3E3"/>
    <trip id="1187" depart="2094" from="C1C0" to="D4E4"/>
    <trip id="1188" depart="2094" from="E5E4" to="E3E4"/>
    <trip id="1189" depart="2099" from="A1A0" to="H3G3"/>
    <trip id="1190" depart="2101" from="E7F7" to="D4D3"/>
    <trip id="1191" depart="2110" from="G4F4" to="D3E3"/>
    <trip id="1192" depart="2114" from="B7B6" to="D4E4"/>
    <trip id="1193" depart="2115" from="E0F0" to="E3D3"/>
    <trip id="1194" depart="2117" from="C6D6" to="E3D3"/>
    <trip id="1195" depart="2117" from="C5C4" to="D3D4"/>
    <trip id="1196" depart="2125" from="E4E3" to="E4D4"/>
    <trip id="1197" depart="2136" from="B2A2" to="E4D4"/>
    <trip id="1198" depart="2139" from="G5G4" to="E3D3"/>
    <trip id="1199" depart="2139" from="F6F7" to="D3D4"/>
    <trip id="1200" depart="2139" from="A6A5" to="E3E4"/>
    <trip id="1201" depart="2140" from="E6D6" to="D4E4"/>
    <trip id="1202" depart="2143" from="B0C0" to="E3D3"/>
    <trip id="1203" depart="2143" from="C4C3" to="D3E3"/>
    <trip id="1204" depart="2147" from="A6A7" to="D4D3"/>
    <trip id="1205" depart="2148" from="E2D2" to="E4E3"/>
    <trip id="1206" depart="2151" from="E6F6" to="D6E6"/>
    <trip id="1207" depart="2152" from="F6F7" to="F1E1"/>
    <trip id="1208" depart="2156" from="H1H0" to="E3D3"/>
    <trip id="1209" depart="2157" from="A4A3" to="G2G1"/>
    <trip id="1210" depart="2157" from="F3E3" to="E4E3"/>
    <trip id="1211" depart="2158" from="A1A0" to="D3D4"/>
    <trip id="1212" depart="2164" from="A0B0" to="E3D3"/>
    <trip id="1213" depart="2171" from="D1D0" to="E3D3"/>
    <trip id="1214" depart="2181" from="F2F3" to="D4D3"/>
    <trip id="1215" depart="2182" from="A6A7" to="D4E4"/>
    <trip id="1216" depart="2190" from="C4C3" to="E4D4"/>
    <trip id="1217" depart="2192" from="H0H1" to="E3D3"/>
    <trip id="1218" depart="2192" from="E7E6" to="D3E3"/>
    <trip id="1219" depart="2198" from="A5A4" to="F4G4"/>
    <trip id="1220" depart="2198" from="D4E4" to="E4D4"/>
    <trip id="1221" depart="2200" from="E2E3" to="E4E3"/>
    <trip id="1222" depart="2203" from="E2D2" to="D3E3"/>
    <trip id="1223" depart="2204" from="G0H0" to="E4D4"/>
    <trip id="1224" depart="2204" from="B5A5" to="D3E3"/>
    <trip id="1225" depart="2204" from="D3D2" to="D3D4"/>
    <trip id="1226" depart="2209" from="D2C2" to="D4E4"/>
    <trip id="1227" depart="2214" from="E5D5" to="D4D3"/>
    <trip id="1228" depart="2215" from="F4F3" to="D4D3"/>
    <trip id="1229" depart="2220" from="F4E4" to="E3D3"/>
    <trip id="1230" depart="2223" from="C3C2" to="E4E3"/>
    <trip id="1231" depart="2226" from="E3E4" to="D3D4"/>
    <trip id="1232" depart="2227" from="E2F2" to="E4D4"/>
    <trip id="1233" depart="2230" from="C4C3" to="D3E3"/>
    <trip id="1234" depart="2233" from="D4C4" to="D3D4"/>
    <trip id="1235" depart="2237" from="E7E6" to="D3D4"/>
    <trip id="1236" depart="2239" from="C5C4" to="D3D4"/>
    <trip id="1237" depart="2242" from="C0D0" to="D3E3"/>
    <trip id="1238" depart="2242" from="A0A1" to="D3D4"/>
    <trip id="1239" depart="2243" from="D3D2" to="D4D3"/>
    <trip id="1240" depart="2244" from="E5F5" to="D4D3"/>
    <trip id="1241" depart="2245" from="E3F3" to="E3D3"/>
    <trip id="1242" depart="2246" from="H3G3" to="D3E3"/>
    <trip id="1243" depart="2246" from="F4E4" to="E3D3"/>
    <trip id="1244" depart="2247" from="A4A5" to="G6H6"/>
    <trip id="1245" depart="2248" from="E4F4" to="E3D3"/>
    <trip id="1246" depart="2249" from="D3C3" to="E4E3"/>
    <trip id="1247" depart="2250" from="H3G3" to="G6H6"/>
    <trip id="1248" depart="2251" from="D4C4" to="E3E4"/>
    <trip id="1249" depart="2252" from="E5F5" to="E3E4"/>
    <trip id="1250" depart="2255" from="A2A3" to="A6A7"/>
    <trip id="1251" depart="2257" from="C3D3" to="E3D3"/>
    <trip id="1252" depart="2258" from="G4G3" to="D3E3"/>
    <trip id="1253" depart="2258" from="D3D2" to="E4E3"/>
    <trip id="1254" depart="2261" from="E4E5" to="E4E3"/>
    <trip id="1255" depart="2262" from="D4D5" to="D3E3"/>
    <trip id="1256" depart="2264" from="E2D2" to="E3D3"/>
    <trip id="1257" depart="2265" from="E2E3" to="D4E4"/>
    <trip id="1258" depart="2266" from="C4D4" to="D3D4"/>
    <trip id="1259" depart="2268" from="C3C4" to="D3D4"/>
    <trip id="1260" depart="2271" from="G0G1" to="G4G5"/>
    <trip id="1261" depart="2271" from="D5C5" to="E3E4"/>
    <trip id="1262" depart="2272" from="F4F3" to="D4D3"/>
    <trip id="1263" depart="2274" from="F2E2" to="E3D3"/>
    <trip id="1264" depart="2275" from="E2D2" to="D3D4"/>
    <trip id="1265" depart="2276" from="G3G2" to="D4E4"/>
    <trip id="1266" depart="2276" from="F4F5" to="E3D3"/>
    <trip id="1267" depart="2279" from="F1F0" to="D3D4"/>
    <trip id="1268" depart="2279" from="F3F4" to="D3E3"/>
    <trip id="1269" depart="2280" from="D2E2" to="E3E4"/>
    <trip id="1270" depart="2290" from="D4C4" to="D3D4"/>
    <trip id="1271" depart="2291" from="E2D2" to="D4D3"/>
    <trip id="1272" depart="2293" from="C1C0" to="E7F7"/>
    <trip id="1273" depart="2295" from="E5D5" to="E4E3"/>
    <trip id="1274" depart="2298" from="H3H4" to="H5G5"/>
    <trip id="1275" depart="2298" from="D2C2" to="E4E3"/>
    <trip id="1276" depart="2301" from="F0E0" to="E4E3"/>
    <trip id="1277" depart="2301" from="C4C3" to="E3E4"/>
    <trip id="1278" depart="2302" from="F5F4" to="E3E4"/>
    <trip id="1279" depart="2303" from="H1H2" to="E4E3"/>
    <trip id="1280" depart="2303" from="C5C4" to="D3E3"/>
    <trip id="1281" depart="2305" from="F1E1" to="E4D4"/>
    <trip id="1282" depart="2305" from="F3E3" to="D3D4"/>
    <trip id="1283" depart="2306" from="C3C4" to="D3D4"/>
    <trip id="1284" depart="2307" from="D1C1" to="D4E4"/>
    <trip id="1285" depart="2309" from="D4C4" to="D4E4"/>
    <trip id="1286" depart="2310" from="E2D2" to="E3E4"/>
    <trip id="1287" depart="2311" from="C7B7" to="G7H7"/>
    <trip id="1288" depart="2313" from="C3C4" to="E4D4"/>
    <trip id="1289" depart="2314" from="G6F6" to="E4D4"/>
    <trip id="1290" depart="2316" from="D3C3" to="E3D3"/>
    <trip id="1291" depart="2317" from="C5C4" to="D3E3"/>
    <trip id="1292" depart="2320" from="E7E6" to="E7D7"/>
    <trip id="1293" depart="2320" from="E4E5" to="E3D3"/>
    <trip id="1294" depart="2321" from="C5D5" to="E3D3"/>
    <trip id="1295" depart="2324" from="F4E4" to="D4E4"/>
    <trip id="1296" depart="2329" from="F5F4" to="D4E4"/>
    <trip id="1297" depart="2332" from="F3F4" to="E4D4"/>
    <trip id="1298" depart="2335" from="E5F5" to="E3D3"/>
    <trip id="1299" depart="2336" from="H1H0" to="E4D4"/>
    <trip id="1300" depart="2337" from="E5E4" to="E3E4"/>
    <trip id="1301" depart="2338" from="G5H5" to="A3A2"/>
    <trip id="1302" depart="2339" from="F0E0" to="F1G1"/>
    <trip id="1303" depart="2341" from="E3F3" to="E3D3"/>
    <trip id="1304" depart="2342" from="E4E3" to="E3D3"/>
    <trip id="1305" depart="2344" from="F2E2" to="D4E4"/>
    <trip id="1306" depart="2345" from="D3E3" to="E4E3"/>
    <trip id="1307" depart="2347" from="D3D4" to="E4E3"/>
    <trip id="1308" depart="2349" from="D4E4" to="D4D3"/>
    <trip id="1309" depart="2350" from="D4D5" to="D4E4"/>
    <trip id="1310" depart="2352" from="C5D5" to="E4D4"/>
    <trip id="1311" depart="2357" from="A5A4" to="D4D3"/>
    <trip id="1312" depart="2358" from="C6B6" to="E4E3"/>
    <trip id="1313" depart="2359" from="E4E5" to="D3E3"/>
    <trip id="1314" depart="2363" from="E2F2" to="D3E3"/>
    <trip id="1315" depart="2364" from="D3D4" to="D3D4"/>
    <trip id="1316" depart="2367" from="E3D3" to="E3E4"/>
    <trip id="1317" depart="2368" from="E3E4" to="D4E4"/>
    <trip id="1318" depart="2371" from="E5F5" to="E4D4"/>
    <trip id="1319" depart="2372" from="C3C4" to="D4D3"/>
    <trip id="1320" depart="2375" from="F3F4" to="D3D4"/>
    <trip id="1321" depart="2376" from="E3D3" to="D3D4"/>
    <trip id="1322" depart="2378" from="D2E2" to="D3D4"/>
    <trip id="1323" depart="2380" from="F3E3" to="D4E4"/>
    <trip id="1324" depart="2383" from="D2E2" to="D3D4"/>
    <trip id="1325" depart="2384" from="E3F3" to="E3E4"/>
    <trip id="1326" depart="2385" from="A3B3" to="D3D4"/>
    <trip id="1327" depart="2385" from="F3E3" to="E3E4"/>
    <trip id="1328" depart="2386" from="H4H3" to="E3E4"/>
    <trip id="1329" depart="2386" from="A2A1" to="B3A3"/>
    <trip id="1330" depart="2387" from="D4D3" to="D4D3"/>
    <trip id="1331" depart="2388" from="E2E3" to="E3D3"/>
    <trip id="1332" depart="2389" from="E2D2" to="D3D4"/>
    <trip id="1333" depart="2392" from="F4F5" to="E3E4"/>
    <trip id="1334" depart="2393" from="E2E3" to="D3D4"/>
    <trip id="1335" depart="2394" from="E4F4" to="E3D3"/>
    <trip id="1336" depart="2396" from="F4F5" to="E3E4"/>
    <trip id="1337" depart="2399" from="D0C0" to="B0C0"/>
    <trip id="1338" depart="2399" from="C2C3" to="E4E3"/>
    <trip id="1339" depart="2400" from="H3H4" to="A1A2"/>
    <trip id="1340" depart="2400" from="D3D2" to="E4E3"/>
    <trip id="1341" depart="2401" from="C3C4" to="E3D3"/>
    <trip id="1342" depart="2402" from="B6A6" to="D4D3"/>
    <trip id="1343" depart="2404" from="D0C0" to="D4E4"/>
    <trip id="1344" depart="2405" from="F2F3" to="E3E4"/>
    <trip id="1345" depart="2406" from="C5D5" to="D3E3"/>
    <trip id="1346" depart="2407" from="E3F3" to="E3E4"/>
    <trip id="1347" depart="2409" from="H4G4" to="A5A6"/>
    <trip id="1348" depart="2409" from="E5F5" to="D4D3"/>
    <trip id="1349" depart="2411" from="C2D2" to="D3D4"/>
    <trip id="1350" depart="2413" from="C3D3" to="D4D3"/>
    <trip id="1351" depart="2417" from="C5D5" to="E3D3"/>
    <trip id="1352" depart="2421" from="F4F3" to="D3E3"/>
    <trip id="1353" depart="2423" from="E4E5" to="E4D4"/>
    <trip id="1354" depart="2424" from="D2C2" to="E3D3"/>
    <trip id="1355" depart="2427" from="F3F2" to="E3E4"/>
    <trip id="1356" depart="2430" from="D7E7" to="D1D2"/>
    <trip id="1357" depart="2430" from="B5B4" to="A2A1"/>
    <trip id="1358" depart="2432" from="C3C2" to="E4E3"/>
    <trip id="1359" depart="2434" from="G7H7" to="A3B3"/>
    <trip id="1360" depart="2435" from="B4A4" to="D4D3"/>
    <trip id="1361" depart="2438" from="E2D2" to="D3E3"/>
    <trip id="1362" depart="2439" from="F3F2" to="D4E4"/>
    <trip id="1363" depart="2443" from="C2D2" to="E3E4"/>
    <trip id="1364" depart="2444" from="B6A6" to="E3D3"/>
    <trip id="1365" depart="2444" from="F5F4" to="D3D4"/>
    <trip id="1366" depart="2445" from="C1C0" to="D4D3"/>
    <trip id="1367" depart="2445" from="D6D7" to="D3E3"/>
    <trip id="1368" depart="2446" from="E2E3" to="D4E4"/>
    <trip id="1369" depart="2447" from="C2D2" to="D4D3"/>
    <trip id="1370" depart="2448" from="C4D4" to="E3E4"/>
    <trip id="1371" depart="2449" from="A3A2" to="D3E3"/>
    <trip id="1372" depart="2449" from="E3E4" to="D3E3"/>
    <trip id="1373" depart="2450" from="F5F4" to="E3D3"/>
    <trip id="1374" depart="2451" from="G7H7" to="D3E3"/>
    <trip id="1375" depart="2451" from="D3D4" to="D4E4"/>
    <trip id="1376" depart="2454" from="F4E4" to="D3D4"/>
    <trip id="1377" depart="2456" from="H6H7" to="E3E4"/>
    <trip id="1378" depart="2457" from="E5E4" to="E4E3"/>
    <trip id="1379" depart="2458" from="E4E5" to="E3D3"/>
    <trip id="1380" depart="2460" from="A6A5" to="E3D3"/>
    <trip id="1381" depart="2462" from="D4C4" to="E3E4"/>
    <trip id="1382" depart="2464" from="C3C2" to="D3E3"/>
    <trip id="1383" depart="2468" from="A7B7" to="D4E4"/>
    <trip id="1384" depart="2468" from="C2C3" to="E3E4"/>
    <trip id="1385" depart="2469" from="D2D3" to="D3D4"/>
    <trip id="1386" depart="2470" from="C4C5" to="E3D3"/>
    <trip id="1387" depart="2471" from="E5F5" to="D4D3"/>
    <trip id="1388" depart="2472" from="C4C3" to="D4D3"/>
    <trip id="1389" depart="2474" from="H5H4" to="D3E3"/>
    <trip id="1390" depart="2476" from="D3C3" to="E3E4"/>
    <trip id="1391" depart="2477" from="E5F5" to="D3E3"/>
    <trip id="1392" depart="2479" from="H3H4" to="D4D3"/>
    <trip id="1393" depart="2480" from="C3D3" to="D3D4"/>
    <trip id="1394" depart="2481" from="C3C4" to="D3E3"/>
    <trip id="1395" depart="2483" from="C4C3" to="D3E3"/>
    <trip id="1396" depart="2485" from="D4E4" to="D4E4"/>
    <trip id="1397" depart="2488" from="F3F4" to="D4D3"/>
    <trip id="1398" depart="2490" from="C6B6" to="E4E3"/>
    <trip id="1399" depart="2492" from="E3D3" to="D4D3"/>
    <trip id="1400" depart="2494" from="C2C3" to="D3D4"/>
    <trip id="1401" depart="2495" from="C2C3" to="D4D3"/>
    <trip id="1402" depart="2497" from="F3F4" to="D3E3"/>
    <trip id="1403" depart="2498" from="C5D5" to="E3E4"/>
    <trip id="1404" depart="2499" from="C1B1" to="F1E1"/>
    <trip id="1405" depart="2499" from="F7E7" to="F1G1"/>
    <trip id="1406" depart="2500" from="E2E3" to="D3E3"/>
    <trip id="1407" depart="2501" from="E2D2" to="E4D4"/>
    <trip id="1408" depart="2502" from="G6F6" to="E4D4"/>
    <trip id="1409" depart="2505" from="F3E3" to="E3E4"/>
    <trip id="1410" depart="2506" from="E4E3" to="E4D4"/>
    <trip id="1411" depart="2508" from="C3D3" to="D4E4"/>
    <trip id="1412" depart="2509" from="D4E4" to="E3E4"/>
    <trip id="1413" depart="2510" from="D3D4" to="D4E4"/>
    <trip id="1414" depart="2511" from="C3D3" to="E4D4"/>
    <trip id="1415" depart="2516" from="G7G6" to="E4E3"/>
    <trip id="1416" depart="2516" from="E3F3" to="E3D3"/>
    <trip id="1417" depart="2518" from="C4C5" to="E4D4"/>
    <trip id="1418" depart="2522" from="C2C3" to="E4E3"/>
    <trip id="1419" depart="2525" from="C2C3" to="E3E4"/>
    <trip id="1420" depart="2528" from="F4F5" to="E3E4"/>
    <trip id="1421" depart="2529" from="H1H2" to="D3D4"/>
    <trip id="1422" depart="2529" from="B1B2" to="A6B6"/>
    <trip id="1423" depart="2530" from="A5A4" to="E3D3"/>
    <trip id="1424" depart="2531" from="F4E4" to="E3D3"/>
    <trip id="1425" depart="2532" from="D4D5" to="D3D4"/>
    <trip id="1426" depart="2536" from="F5E5" to="E4E3"/>
    <trip id="1427" depart="2538" from="E3F3" to="E3D3"/>
    <trip id="1428" depart="2540" from="C2D2" to="E3E4"/>
    <trip id="1429" depart="2541" from="D5D4" to="E3D3"/>
    <trip id="1430" depart="2542" from="D4D5" to="D3D4"/>
    <trip id="1431" depart="2543" from="D1D2" to="E3D3"/>
    <trip id="1432" depart="2544" from="E4F4" to="D4E4"/>
    <trip id="1433" depart="2546" from="H3H2" to="E4D4"/>
    <trip id="1434" depart="2550" from="A3A2" to="H6H5"/>
    <trip id="1435" depart="2550" from="E5D5" to="E4D4"/>
    <trip id="1436" depart="2552" from="D0E0" to="F0F1"/>
    <trip id="1437" depart="2553" from="C3C4" to="E3D3"/>
    <trip id="1438" depart="2554" from="E5F5" to="D3D4"/>
    <trip id="1439" depart="2555" from="C5D5" to="E3E4"/>
    <trip id="1440" depart="2560" from="E3E4" to="E3E4"/>
    <trip id="1441" depart="2561" from="D3E3" to="E4D4"/>
    <trip id="1442" depart="2563" from="A6B6" to="E4E3"/>
    <trip id="1443" depart="2563" from="E4E5" to="E4D4"/>
    <trip id="1444" depart="2565" from="F2E2" to="D3E3"/>
    <trip id="1445" depart="2567" from="C2C3" to="D3D4"/>
    <trip id="1446" depart="2569" from="C3C2" to="E3E4"/>
    <trip id="1447" depart="2570" from="G0G1" to="E4D4"/>
    <trip id="1448" depart="2573" from="F3F2" to="E4D4"/>
    <trip id="1449" depart="2574" from="E2F2" to="E3E4"/>
    <trip id="1450" depart="2578" from="F5F4" to="D3E3"/>
    <trip id="1451" depart="2579" from="D3C3" to="D4D3"/>
    <trip id="1452" depart="2580" from="D7D6" to="E3E4"/>
    <trip id="1453" depart="2581" from="D3D2" to="E3E4"/>
    <trip id="1454" depart="2582" from="E5D5" to="E3E4"/>
    <trip id="1455" depart="2584" from="F3E3" to="D3E3"/>
    <trip id="1456" depart="2585" from="E3E2" to="E3D3"/>
    <trip id="1457" depart="2586" from="G6H6" to="D3E3"/>
    <trip id="1458" depart="2586" from="F5E5" to="D3E3"/>
    <trip id="1459" depart="2587" from="D3E3" to="E4D4"/>
    <trip id="1460" depart="2588" from="F0G0" to="E4E3"/>
    <trip id="1461" depart="2589" from="F7E7" to="D3D4"/>
    <trip id="1462" depart="2590" from="E5D5" to="D3D4"/>
    <trip id="1463" depart="2591" from="C2C3" to="E3E4"/>
    <trip id="1464" depart="2592" from="D4C4" to="E3E4"/>
    <trip id="1465" depart="2594" from="D4C4" to="D3E3"/>
    <trip id="1466" depart="2595" from="F2E2" to="D3E3"/>
    <trip id="1467" depart="2596" from="H6H5" to="D4E4"/>
    <trip id="1468" depart="2596" from="D6D7" to="D3E3"/>
    <trip id="1469" depart="2596" from="D4D3" to="D3E3"/>
    <trip id="1470" depart="2597" from="D7E7" to="D4E4"/>
    <trip id="1471" depart="2597" from="D3D4" to="D3E3"/>
    <trip id="1472" depart="2598" from="C7B7" to="E3D3"/>
    <trip id="1473" depart="2598" from="F4F3" to="E4D4"/>
    <trip id="1474" depart="2599" from="E3D3" to="E4D4"/>
    <trip id="1475" depart="2600" from="C7B7" to="C6C7"/>
    <trip id="1476" depart="2602" from="G0G1" to="D4E4"/>
    <trip id="1477" depart="2608" from="E7D7" to="E4D4"/>
    <trip id="1478" depart="2612" from="B6B5" to="D4D3"/>
    <trip id="1479" depart="2618" from="G6G7" to="D4D3"/>
    <trip id="1480" depart="2622" from="E1D1" to="D3D4"/>
    <trip id="1481" depart="2622" from="D2E2" to="D4D3"/>
    <trip id="1482" depart="2637" from="B0C0" to="F7G7"/>
    <trip id="1483" depart="2647" from="D4E4" to="D3E3"/>
    <trip id="1484" depart="2649" from="F0G0" to="C7D7"/>
    <trip id="1485" depart="2653" from="A7B7" to="E3D3"/>
    <trip id="1486" depart="2654" from="B5B6" to="E3D3"/>
    <trip id="1487" depart="2656" from="D2E2" to="E4E3"/>
    <trip id="1488" depart="2659" from="B0B1" to="D3D4"/>
    <trip id="1489" depart="2660" from="B2A2" to="D3D4"/>
    <trip id="1490" depart="2661" from="B0A0" to="E4E3"/>
    <trip id="1491" depart="2668" from="B1C1" to="D3E3"/>
    <trip id="1492" depart="2670" from="B0A0" to="E3E4"/>
    <trip id="1493" depart="2671" from="C1D1" to="E4E3"/>
    <trip id="1494" depart="2678" from="E0D0" to="D3E3"/>
    <trip id="1495" depart="2679" from="H5G5" to="D4E4"/>
    <trip id="1496" depart="2681" from="G4H4" to="H2H3"/>
    <trip id="1497" depart="2688" from="C3C4" to="D4D3"/>
    <trip id="1498" depart="2695" from="B6A6" to="A2A1"/>
    <trip id="1499" depart="2698" from="H5G5" to="E4D4"/>
    <trip id="1500" depart="2701" from="B6B7" to="E3E4"/>
    <trip id="1501" depart="2718" from="C4C5" to="D4E4"/>
    <trip id="1502" depart="2720" from="A6A5" to="E4D4"/>
    <trip id="1503" depart="2721" from="C3B3" to="A3A4"/>
    <trip id="1504" depart="2727" from="A3B3" to="E6D6"/>
    <trip id="1505" depart="2728" from="B2B3" to="C7D7"/>
    <trip id="1506" depart="2730" from="A4A5" to="G4G5"/>
    <trip id="1507" depart="2736" from="F0F1" to="E3E4"/>
    <trip id="1508" depart="2739" from="E7F7" to="D4E4"/>
    <trip id="1509" depart="2746" from="A4B4" to="E4D4"/>
    <trip id="1510" depart="2747" from="F7F6" to="G1G0"/>
    <trip id="1511" depart="2748" from="A0B0" to="D7C7"/>
    <trip id="1512" depart="2749" from="F3F4" to="E3E4"/>
    <trip id="1513" depart="2753" from="E1F1" to="B0B1"/>
    <trip id="1514" depart="2758" from="B1B2" to="E3E4"/>
    <trip id="1515" depart="2759" from="A1B1" to="C7B7"/>
    <trip id="1516" depart="2774" from="F7F6" to="D3E3"/>
    <trip id="1517" depart="2776" from="G5G6" to="D4E4"/>
    <trip id="1518" depart="2778" from="C7D7" to="E4E3"/>
    <trip id="1519" depart="2790" from="B1A1" to="D3E3"/>
    <trip id="1520" depart="2791" from="F1E1" to="D5D6"/>
    <trip id="1521" depart="2792" from="G1G0" to="D6D5"/>
    <trip id="1522" depart="2793" from="H0H1" to="A3B3"/>
    <trip id="1523" depart="2801" from="H2H3" to="D3D4"/>
    <trip id="1524" depart="2802" from="E6E7" to="C3B3"/>
    <trip id="1525" depart="2804" from="D2E2" to="D3D4"/>
    <trip id="1526" depart="2805" from="C6D6" to="E3D3"/>
    <trip id="1527" depart="2807" from="G0H0" to="D6D7"/>
    <trip id="1528" depart="2814" from="H4H3" to="D3D4"/>
    <trip id="1529" depart="2819" from="E1D1" to="E4E3"/>
    <trip id="1530" depart="2819" from="B3C3" to="D3D4"/>
    <trip id="1531" depart="2827" from="G3G4" to="B4B5"/>
    <trip id="1532" depart="2827" from="G7F7" to="D3D4"/>
    <trip id="1533" depart="2830" from="H4H5" to="A0A1"/>
    <trip id="1534" depart="2830" from="D7E7" to="G7G6"/>
    <trip id="1535" depart="2835" from="D0C0" to="D3D4"/>
    <trip id="1536" depart="2839" from="A4B4" to="H5H6"/>
    <trip id="1537" depart="2848" from="A7A6" to="D3E3"/>
    <trip id="1538" depart="2857" from="B2B1" to="A7A6"/>
    <trip id="1539" depart="2858" from="B6C6" to="A3A2"/>
    <trip id="1540" depart="2870" from="B2A2" to="D4D3"/>
    <trip id="1541" depart="2871" from="G4G5" to="B0C0"/>
    <trip id="1542" depart="2883" from="A2A3" to="D4E4"/>
    <trip id="1543" depart="2894" from="E3E2" to="E4E3"/>
    <trip id="1544" depart="2895" from="B1B0" to="E3E4"/>
    <trip id="1545" depart="2898" from="F7F6" to="D4D3"/>
    <trip id="1546" depart="2904" from="H2H3" to="E4E3"/>
    <trip id="1547" depart="2907" from="H0G0" to="E4D4"/>
    <trip id="1548" depart="2907" from="D3C3" to="E3D3"/>
    <trip id="1549" depart="2909" from="E3E4" to="E4E3"/>
    <trip id="1550" depart="2916" from="B7B6" to="E4E3"/>
    <trip id="1551" depart="2924" from="B6B7" to="D3D4"/>
    <trip id="1552" depart="2925" from="A0B0" to="E3E4"/>
    <trip id="1553" depart="2927" from="C0B0" to="D4E4"/>
    <trip id="1554" depart="2927" from="F3G3" to="E3E4"/>
    <trip id="1555" depart="2928" from="A3B3" to="G4G5"/>
    <trip id="1556" depart="2933" from="H4H3" to="D3E3"/>
    <trip id="1557" depart="2942" from="F3F4" to="D4E4"/>
    <trip id="1558" depart="2944" from="C0B0" to="E6E7"/>
    <trip id="1559" depart="2949" from="G5H5" to="D0D1"/>
    <trip id="1560" depart="2956" from="F4F5" to="E4D4"/>
    <trip id="1561" depart="2959" from="B0C0" to="B6C6"/>
    <trip id="1562" depart="2962" from="C1D1" to="E3E4"/>
    <trip id="1563" depart="2963" from="G1F1" to="D3D4"/>
    <trip id="1564" depart="2971" from="G4G5" to="E3E4"/>
    <trip id="1565" depart="2994" from="F7F6" to="G6G7"/>
    <trip id="1566" depart="2997" from="H5G5" to="D1C1"/>
    <trip id="1567" depart="3007" from="G1H1" to="C0C1"/>
    <trip id="1568" depart="3007" from="A2B2" to="D3E3"/>
    <trip id="1569" depart="3008" from="E4E3" to="D4E4"/>
    <trip id="1570" depart="3017" from="G4G5" to="D3D4"/>
    <trip id="1571" depart="3021" from="F0E0" to="D4D3"/>
    <trip id="1572" depart="3021" from="A2B2" to="D3D4"/>
    <trip id="1573" depart="3023" from="G2G3" to="A5B5"/>
    <trip id="1574" depart="3025" from="D3D2" to="D4D3"/>
    <trip id="1575" depart="3051" from="H2G2" to="F4G4"/>
    <trip id="1576" depart="3051" from="B6A6" to="D3D4"/>
    <trip id="1577" depart="3053" from="G6G5" to="E3D3"/>
    <trip id="1578" depart="3054" from="A1A0" to="D3D4"/>
    <trip id="1579" depart="3056" from="C7C6" to="C6C7"/>
    <trip id="1580" depart="3058" from="E4E3" to="D3E3"/>
    <trip id="1581" depart="3063" from="D3C3" to="E4D4"/>
    <trip id="1582" depart="3072" from="D1E1" to="F4G4"/>
    <trip id="1583" depart="3073" from="B6C6" to="D3D4"/>
    <trip id="1584" depart="3076" from="G3F3" to="B5A5"/>
    <trip id="1585" depart="3082" from="G0H0" to="D4E4"/>
    <trip id="1586" depart="3087" from="F6E6" to="B2B3"/>
    <trip id="1587" depart="3088" from="H1H2" to="B6B5"/>
    <trip id="1588" depart="3090" from="C1D1" to="E4E3"/>
    <trip id="1589" depart="3090" from="H2H1" to="H5G5"/>
    <trip id="1590" depart="3097" from="C7B7" to="D3D4"/>
    <trip id="1591" depart="3107" from="G0F0" to="E3E4"/>
    <trip id="1592" depart="3107" from="D4E4" to="D4D3"/>
    <trip id="1593" depart="3112" from="F7F6" to="D6C6"/>
    <trip id="1594" depart="3113" from="E4E3" to="D3D4"/>
    <trip id="1595" depart="3117" from="D4D5" to="E4D4"/>
    <trip id="1596" depart="3119" from="B5B4" to="G7F7"/>
    <trip id="1597" depart="3128" from="F3G3" to="B3C3"/>
    <trip id="1598" depart="3130" from="B1B0" to="G0G1"/>
    <trip id="1599" depart="3131" from="D4D3" to="D3D4"/>
    <trip id="1600" depart="3136" from="G0G1" to="D3E3"/>
    <trip id="1601" depart="3138" from="D6D5" to="E4E3"/>
    <trip id="1602" depart="3140" from="D7C7" to="E4E3"/>
    <trip id="1603" depart="3141" from="G5H5" to="D3D4"/>
    <trip id="1604" depart="3151" from="D7E7" to="E4D4"/>
    <trip id="1605" depart="3154" from="H3G3" to="D3E3"/>
    <trip id="1606" depart="3155" from="D4D5" to="E4D4"/>
    <trip id="1607" depart="3157" from="D0D1" to="E3E4"/>
    <trip id="1608" depart="3159" from="G5H5" to="E3D3"/>
    <trip id="1609" depart="3159" from="E4E5" to="D3D4"/>
    <trip id="1610" depart="3169" from="C3B3" to="D4E4"/>
    <trip id="1611" depart="3170" from="B0A0" to="B7B6"/>
    <trip id="1612" depart="3173" from="H3H4" to="B4B5"/>
    <trip id="1613" depart="3173" from="E2F2" to="D4D3"/>
    <trip id="1614" depart="3174" from="G2H2" to="D4E4"/>
    <trip id="1615" depart="3179" from="A0A1" to="D3E3"/>
    <trip id="1616" depart="3188" from="B1B2" to="A0A1"/>
    <trip id="1617" depart="3192" from="C0B0" to="D4D3"/>
    <trip id="1618" depart="3195" from="A4A3" to="G4H4"/>
    <trip id="1619" depart="3205" from="G6G7" to="E3E4"/>
    <trip id="1620" depart="3210" from="F2E2" to="E4D4"/>
    <trip id="1621" depart="3214" from="B1B2" to="E3E4"/>
    <trip id="1622" depart="3222" from="E4F4" to="E4D4"/>
    <trip id="1623" depart="3223" from="F7G7" to="G7G6"/>
    <trip id="1624" depart="3224" from="A2A3" to="G2G1"/>
    <trip id="1625" depart="3228" from="D6E6" to="D3D4"/>
    <trip id="1626" depart="3236" from="E3E4" to="D4E4"/>
    <trip id="1627" depart="3239" from="H1G1" to="E4D4"/>
    <trip id="1628" depart="3245" from="D1E1" to="D3D4"/>
    <trip id="1629" depart="3252" from="D7E7" to="D3E3"/>
    <trip id="1630" depart="3252" from="F3F2" to="D3E3"/>
    <trip id="1631" depart="3255" from="A3A2" to="D4D3"/>
    <trip id="1632" depart="3258" from="B6C6" to="D3D4"/>
    <trip id="1633" depart="3261" from="H7H6" to="F1F0"/>
    <trip id="1634" depart="3264" from="G3G4" to="D4E4"/>
    <trip id="1635" depart="3270" from="D1E1" to="D3D4"/>
    <trip id="1636" depart="3288" from="H6H7" to="F0E0"/>
    <trip id="1637" depart="3290" from="C5D5" to="E3E4"/>
    <trip id="1638" depart="3295" from="C3C2" to="D3D4"/>
    <trip id="1639" depart="3297" from="F4E4" to="E3E4"/>
    <trip id="1640" depart="3311" from="D6C6" to="E3D3"/>
    <trip id="1641" depart="3313" from="B7B6" to="D3E3"/>
    <trip id="1642" depart="3318" from="A6A5" to="E4D4"/>
    <trip id="1643" depart="3329" from="C1D1" to="E3D3"/>
    <trip id="1644" depart="3333" from="B4B5" to="H3H2"/>
    <trip id="1645" depart="3337" from="F0F1" to="E3E4"/>
    <trip id="1646" depart="3342" from="G0F0" to="D4D3"/>
    <trip id="1647" depart="3346" from="A5B5" to="E3E4"/>
    <trip id="1648" depart="3349" from="B3C3" to="D3E3"/>
    <trip id="1649" depart="3351" from="C7B7" to="B6A6"/>
    <trip id="1650" depart="3353" from="B1B0" to="E3D3"/>
    <trip id="1651" depart="3358" from="B4B3" to="D3D4"/>
    <trip id="1652" depart="3373" from="D0E0" to="D7D6"/>
    <trip id="1653" depart="3373" from="D4D5" to="D4E4"/>
    <trip id="1654" depart="3376" from="B4B5" to="G7H7"/>
    <trip id="1655" depart="3379" from="D0E0" to="F6G6"/>
    <trip id="1656" depart="3384" from="H3G3" to="A4A5"/>
    <trip id="1657" depart="3388" from="A7B7" to="D4D3"/>
    <trip id="1658" depart="3389" from="E4F4" to="D3E3"/>
    <trip id="1659" depart="3393" from="B7C7" to="E3E4"/>
    <trip id="1660" depart="3396" from="E6D6" to="D4D3"/>
    <trip id="1661" depart="3418" from="G2G1" to="D3E3"/>
    <trip id="1662" depart="3420" from="H4G4" to="E4E3"/>
    <trip id="1663" depart="3425" from="G0F0" to="H4G4"/>
    <trip id="1664" depart="3425" from="A4A5" to="E4D4"/>
    <trip id="1665" depart="3437" from="G4F4" to="D3D4"/>
    <trip id="1666" depart="3438" from="C3C2" to="E4E3"/>
    <trip id="1667" depart="3440" from="H6G6" to="D3E3"/>
    <trip id="1668" depart="3442" from="C4C3" to="E3D3"/>
    <trip id="1669" depart="3443" from="D3E3" to="D4E4"/>
    <trip id="1670" depart="3445" from="H0H1" to="E4D4"/>
    <trip id="1671" depart="3453" from="E6D6" to="E4E3"/>
    <trip id="1672" depart="3455" from="F4G4" to="E3D3"/>
    <trip id="1673" depart="3462" from="D7C7" to="D3E3"/>
    <trip id="1674" depart="3466" from="B3C3" to="D4D3"/>
    <trip id="1675" depart="3467" from="F7G7" to="E6D6"/>
    <trip id="1676" depart="3470" from="G4F4" to="G1H1"/>
    <trip id="1677" depart="3472" from="F5E5" to="E3E4"/>
    <trip id="1678" depart="3475" from="A2B2" to="G1G2"/>
    <trip id="1679" depart="3477" from="D0D1" to="G1H1"/>
    <trip id="1680" depart="3478" from="A6A5" to="E4D4"/>
    <trip id="1681" depart="3479" from="C2D2" to="E3D3"/>
    <trip id="1682" depart="3481" from="C0B0" to="D3E3"/>
    <trip id="1683" depart="3501" from="D2D3" to="E4D4"/>
    <trip id="1684" depart="3506" from="H7G7" to="D4D3"/>
    <trip id="1685" depart="3509" from="H6G6" to="A1A0"/>
    <trip id="1686" depart="3516" from="H1H0" to="D0E0"/>
    <trip id="1687" depart="3524" from="H1H0" to="A4A5"/>
    <trip id="1688" depart="3530" from="G4H4" to="E4D4"/>
    <trip id="1689" depart="3531" from="C6C7" to="D4E4"/>
    <trip id="1690" depart="3532" from="G3G4" to="D4E4"/>
    <trip id="1691" depart="3534" from="H6H5" to="D3D4"/>
    <trip id="1692" depart="3535" from="A1A2" to="C7D7"/>
    <trip id="1693" depart="3536" from="F1G1" to="B1B0"/>
    <trip id="1694" depart="3536" from="H4H3" to="E4E3"/>
    <trip id="1695" depart="3539" from="H3H2" to="B2B1"/>
    <trip id="1696" depart="3543" from="D4E4" to="E4D4"/>
    <trip id="1697" depart="3556" from="B7B6" to="E3D3"/>
    <trip id="1698" depart="3556" from="D4D5" to="D4E4"/>
    <trip id="1699" depart="3559" from="B1B0" to="E4D4"/>
    <trip id="1700" depart="3575" from="E1D1" to="G1F1"/>
    <trip id="1701" depart="3575" from="B7A7" to="A3B3"/>
    <trip id="1702" depart="3579" from="F1F0" to="D4E4"/>
    <trip id="1703" depart="3590" from="D2E2" to="E4E3"/>
    <trip id="1704" depart="3591" from="H5H4" to="G5G4"/>
    <trip id="1705" depart="3594" from="E1F1" to="A0B0"/>
    <trip id="1706" depart="3595" from="E0F0" to="D0D1"/>
</routes>
