{
    "0": {
        "0": 0.1,
        "1": 0.1,
        "2": 0.1,
        "3": 0.0,
        "4": 0.7
    },
    "1": {
        "0": 0.1,
        "1": 0.1,
        "2": 0.0,
        "3": 0.1,
        "4": 0.7
    },
    "2": {
        "0": 0.1,
        "1": 0.0,
        "2": 0.1,
        "3": 0.1,
        "4": 0.7
    },
    "3": {
        "0": 0.0,
        "1": 0.1,
        "2": 0.1,
        "3": 0.1,
        "4": 0.7
    },
    "4": {
        "0": 0.0,
        "1": 0.0,
        "2": 0.0,
        "3": 0.0,
        "4": 1
    }
}