{
    "0": [
        "A0B0", "B0A0", "B0C0", "C0B0", "C0D0", "D0C0", "D0E0", "E0D0", "E0F0", "F0E0", "F0G0", "G0F0", "G0H0", "H0G0",
        "B1C1", "C1B1", "C1D1", "D1C1", "D1E1", "E1D1", "E1F1", "F1E1", "F1G1", "G1F1",
        "B0B1", "B1B0", "C0C1", "C1C0", "D0D1", "D1D0", "E0E1", "E1E0", "F0F1", "F1F0", "G0G1", "G1G0",
        "D1D2", "D2D1"
    ],
    "1": [
        "H0H1", "H1H0", "H1H2", "H2H1", "H2H3", "H3H2", "H3H4", "H4H3", "H4H5", "H5H4", "H5H6", "H6H5", "H6H7", "H7H6",
        "G1G2", "G2G1", "G2G3", "G3G2", "G3G4", "G4G3", "G4G5", "G5G4", "G5G6", "G6G5",
        "G1H1", "H1G1", "G2H2", "H2G2", "G3H3", "H3G3", "G4H4", "H4G4", "G5H5", "H5G5", "G6H6", "H6G6",
        "F3G3", "G3F3", "F4G4", "G4F4"
    ],
    "2": [
        "A7B7", "B7A7", "B7C7", "C7B7", "C7D7", "D7C7", "D7E7", "E7D7", "E7F7", "F7E7", "F7G7", "G7F7", "G7H7", "H7G7",
        "B6C6", "C6B6", "C6D6", "D6C6", "D6E6", "E6D6", "E6F6", "F6E6", "F6G6", "G6F6",
        "B7B6", "B6B7", "C7C6", "C6C7", "D7D6", "D6D7", "E7E6", "E6E7", "F7F6", "F6F7", "G7G6", "G6G7",
        "D6D5", "D5D6"
    ],
    "3": [
        "A0A1", "A1A0", "A1A2", "A2A1", "A2A3", "A3A2", "A3A4", "A4A3", "A4A5", "A5A4", "A5A6", "A6A5", "A6A7", "A7A6",
        "B1B2", "B2B1", "B2B3", "B3B2", "B3B4", "B4B3", "B4B5", "B5B4", "B5B6", "B6B5",
        "A1B1", "B1A1", "A2B2", "B2A2", "A3B3", "B3A3", "A4B4", "B4A4", "A5B5", "B5A5", "A6B6", "B6A6",
        "B3C3", "C3B3"
    ],
    "4": [
        "C2D2", "D2C2", "D2E2", "E2D2", "E2F2", "F2E2",
        "C3D3", "D3C3", "D3E3", "E3D3", "E3F3", "F3E3",
        "C4D4", "D4C4", "D4E4", "E4D4", "E4F4", "F4E4",
        "C5D5", "D5C5", "D5E5", "E5D5", "E5F5", "F5E5",
        "C2C3", "C3C2", "C3C4", "C4C3", "C4C5", "C5C4",
        "D2D3", "D3D2", "D3D4", "D4D3", "D4D5", "D5D4",
        "E2E3", "E3E2", "E3E4", "E4E3", "E4E5", "E5E4",
        "F2F3", "F3F2", "F3F4", "F4F3", "F4F5", "F5F4"
    ],
    "target": [
        "D3E3", "E3D3",
        "D4E4", "E4D4",
        "D3D4", "D4D3",
        "E3E4", "E4E3"
    ]
}