{"taskname": "dsl",
"id": "coco25", 
"actuators": "edge", 
"gui": 0, 
"horizon": null,
"Tini": null,
"begin": 0, 
"end": 3600, 
"scale": 1.0,
"rate": 1, 
"deparr": "./dep/sumo_files/coco25/network/dep_arr.json",
"regions": "./dep/sumo_files/coco25/network/regions.json",
"control_cycle": 20,
"time_to_teleport": -1, 
"degree": 4,
"n_PWA": 10,
"seed": 42,

"networkname": "coco25", 
"output_type": ["density"], 
"freq": 5,
"n_threads": 2, 
"labels": "./dep/sumo_files/coco25/regions/labels_coco25.npy", 
"mfddata": "mfddata_coco25.npy",
"theta": "theta_coco25.npy",
"parameter": "mfd",

"n_regions": 5, 
"clusteringalg": "ManualSelection", 
"supersampling": 1, 
"superfreq": 20,
"parameters": null,
"controller": null,  
"files": {"net": "coco25.net.xml", 
          "trips": "coco25_hankel.xml", 
          "routing": "coco25_hankel.rou.xml",
          "demand": "demand_coco25_hankel.npy",
          "forecast": "forecast_coco25_hankel.npy",
          "sumocfg": "coco25_hankel.sumocfg", 
          "additionals": "", 
          "actuators": "edge.json",
          "control_cycle":"control_cycle.json",
          "controller_params": null}
}