{"taskname": "dsl",
"id": "cocoCity", 
"actuators": "edge", 
"gui": 0, 
"horizon": 20,
"Tini": 5,
"begin": 0, 
"end": 3600, 
"scale": 1.0,
"rate": 1, 
"deparr": "./dep/sumo_files/cocoCity/network/dep_arr.json",
"regions": "./dep/sumo_files/cocoCity/network/regions.json",
"control_cycle": 20,
"time_to_teleport": -1, 
"degree": 4,
"n_PWA": 10,
"seed": 42,

"networkname": "cocoCity", 
"output_type": ["density"], 
"freq": 5,
"n_threads": 2, 
"labels": "./dep/sumo_files/cocoCity/regions/labels_cocoCity.npy", 
"mfddata": "mfddata_cocoCity.npy",
"theta": "theta_cocoCity.npy",
"parameter": "hankel",

"n_regions": 5, 
"clusteringalg": "ManualSelection", 
"supersampling": 1, 
"superfreq": 20,
"parameters": null,
"controller": "DeePC",  
"files": {"net": "cocoCity.net.xml", 
          "trips": "cocoCity.xml", 
          "routing": "cocoCity.rou.xml",
          "demand": "demand_cocoCity.npy",
          "forecast": "forecast_cocoCity.npy",
          "sumocfg": "cocoCity.sumocfg", 
          "additionals": "", 
          "actuators": "edge.json",
          "control_cycle":"control_cycle.json",
          "controller_params": "DeePC.json"}
}